experiment,parameter,value,trials,raw_qubits_mean,raw_qubits_std,detected_bits_mean,detected_bits_std,detection_rate_mean,detection_rate_std,sifted_bits_mean,sifted_bits_std,sifted_key_rate_mean,sifted_key_rate_std,qber_mean,qber_std,accepted_mean,accepted_std,corrected_errors_mean,corrected_errors_std,leaked_reconciliation_bits_mean,leaked_reconciliation_bits_std,estimated_eve_known_bits_mean,estimated_eve_known_bits_std,final_key_bits_mean,final_key_bits_std,secret_key_rate_mean,secret_key_rate_std
Without QCS,detector_window_ns,0.5,50,2048,0.0,1.86,1.4847524359024866,0.000908203125,0.000724976775343011,0.8,0.989743318610787,0.000390625,0.00048327310479042335,0.255,0.4193485121032083,0.22,0.4184519575964803,0.42,0.7309485031694875,0.24951339005019246,0.8673716412966829,0.0,0.0,0.02,0.1414213562373095,9.765625e-06,6.905339660024878e-05
Without QCS,detector_window_ns,1.0,50,2048,0.0,1.8,1.2453996981544782,0.00087890625,0.0006081053213644913,0.94,0.9348141799418792,0.000458984375,0.0004564522362997457,0.35333333333333333,0.44113849821022716,0.18,0.38808793449160356,0.5,0.614451804788759,0.44125356020076983,1.0365127863549488,0.0,0.0,0.04,0.19794866372215741,1.953125e-05,9.665462095808467e-05
Without QCS,detector_window_ns,1.5,50,2048,0.0,2.36,1.3211003453367876,0.00115234375,0.0006450685279964783,1.26,0.9858177999477782,0.000615234375,0.00048135634763075107,0.345,0.4448017979457618,0.34,0.47851812069840644,0.58,0.8103916916390191,0.40622678010038493,1.0371004021083339,0.0,0.0,0.14,0.35050983275386566,6.8359375e-05,0.00017114737927434847
Without QCS,detector_window_ns,2.0,50,2048,0.0,1.68,1.0583005244258363,0.0008203125,0.0005167483029423029,0.66,0.823382768627975,0.000322265625,0.0004020423674941284,0.25,0.42089689356342114,0.2,0.4040610178208843,0.32,0.551065757771026,0.17422678010038492,0.7040590564476646,0.0,0.0,0.06,0.23989793748209523,2.9296875e-05,0.00011713766478617931
Without QCS,detector_window_ns,3.0,50,2048,0.0,2.12,1.547084156649244,0.00103515625,0.0007554121858638886,1.08,0.9655282999266173,0.00052734375,0.0004714493651985436,0.25333333333333335,0.3857436790681645,0.32,0.4712120714991612,0.46,0.7342912729083655,0.4701401701505774,1.0289654178789531,0.0,0.0,0.1,0.30304576336566325,4.8828125e-05,0.00014797156414339026
Without QCS,detector_window_ns,5.0,50,2048,0.0,2.34,1.8026058235515718,0.001142578125,0.0008801786247810409,1.24,1.2545427657200086,0.00060546875,0.0006125697098242229,0.3293333333333333,0.4337067987726124,0.22,0.4184519575964803,0.62,0.9233921492109892,0.5074838291575114,1.2203146125342474,0.0,0.0,0.2,0.4948716593053935,9.765625e-05,0.00024163655239521167
Without QCS,detector_window_ns,8.0,50,2048,0.0,190.42,14.224282199170286,0.092978515625,0.006945450292563616,96.62,8.729237758059675,0.047177734375,0.004262323124052576,0.01990283816058987,0.013614213467121203,1,0.0,1.92,1.3528503544859103,14.8721916301428,9.023028443964021,0.0,0.0,76.44,11.660433709159976,0.03732421875,0.00569357114705077
With QCS,detector_window_ns,0.5,50,2048,0.0,390.48,142.5623014542006,0.1906640625,0.06961049875693388,197.02,72.73476837532546,0.096201171875,0.035515023620764384,0.017419711647140578,0.01102173779366399,1,0.0,3.24,1.9331691227471168,26.727919184327224,14.085057331614578,0.0,0.0,159.74,62.91354936639286,0.077998046875,0.030719506526559012
With QCS,detector_window_ns,1.0,50,2048,0.0,743,179.98537355540185,0.36279296875,0.08788348318134856,368.66,90.64093997747375,0.180009765625,0.044258271473375854,0.01585563191196936,0.005465114805458361,1,0.0,5.7,2.2154374884672605,48.62598089412938,16.541629171259146,0.0,0.0,238.84,38.031866337886406,0.11662109375,0.018570247235296097
With QCS,detector_window_ns,1.5,50,2048,0.0,901.12,168.1238173465725,0.44,0.08209170768875611,453.34,86.01794070104782,0.221357421875,0.042000947607933506,0.015271342830473215,0.006270184362242202,1,0.0,6.84,3.0261445802221947,58.415158082865005,21.536582049461426,0.0,0.0,252.26,12.714783296844438,0.123173828125,0.006208390281662323
With QCS,detector_window_ns,2.0,50,2048,0.0,1009.04,114.2646337700876,0.4926953125,0.055793278208050585,501.22,58.63142919796445,0.244736328125,0.02862862753806858,0.016022827337696197,0.005493588908560173,1,0.0,8.06,3.019731032758395,68.28001430958315,21.490473328972225,0.0,0.0,256,0.0,0.125,0.0
With QCS,detector_window_ns,3.0,50,2048,0.0,1080.76,44.74579446661976,0.52771484375,0.02184853245440418,535.48,23.9891472060486,0.26146484375,0.011713450784203418,0.015144889140198728,0.005764545055250175,1,0.0,8.12,3.120962698153457,69.45409428498891,21.65323348339323,0.0,0.0,256,0.0,0.125,0.0
With QCS,detector_window_ns,5.0,50,2048,0.0,1097.58,28.378699974538968,0.535927734375,0.013856787096942855,548.42,22.022335600615172,0.267783203125,0.010753093554987877,0.014930471758062459,0.004893525865155782,1,0.0,8.18,2.677876100226309,70.41596004389784,18.796224838248357,0.0,0.0,256,0.0,0.125,0.0
With QCS,detector_window_ns,8.0,50,2048,0.0,1098.96,19.004789944020075,0.5366015625,0.009279682589853552,549.4,19.290475602731828,0.26826171875,0.0094191775403964,0.015469405537041868,0.004630727943010204,1,0.0,8.48,2.45148851075573,72.66347466552615,16.875366331909106,0.0,0.0,256,0.0,0.125,0.0
