experiment,series,parameter,value,trials,num_slots_mean,num_slots_std,num_slots_ci95,key_slots_mean,key_slots_std,key_slots_ci95,sync_overhead_mean,sync_overhead_std,sync_overhead_ci95,sync_detections_mean,sync_detections_std,sync_detections_ci95,sync_rms_error_ns_mean,sync_rms_error_ns_std,sync_rms_error_ns_ci95,timing_capture_rate_mean,timing_capture_rate_std,timing_capture_rate_ci95,detection_rate_mean,detection_rate_std,detection_rate_ci95,sifted_bits_mean,sifted_bits_std,sifted_bits_ci95,qber_mean,qber_std,qber_ci95,qber_test_mean,qber_test_std,qber_test_ci95,accepted_mean,accepted_std,accepted_ci95,final_key_bits_mean,final_key_bits_std,final_key_bits_ci95,secret_key_rate_mean,secret_key_rate_std,secret_key_rate_ci95,asymptotic_key_rate_mean,asymptotic_key_rate_std,asymptotic_key_rate_ci95,accepted_wilson_low,accepted_wilson_high
fig04,N=100000,eve_rate,0.0,200,100000.0,0.0,0.0,97326.0,0.0,0.0,0.02673999999999999,1.0434459694558643e-17,1.446142332775865e-18,250.57,13.342232792130297,1.849139123563032,0.08408980344111708,0.026876995027615005,0.003724961466620963,0.9942319398702674,0.0014069128258169688,0.00019498816953600727,0.18872916795101,0.0012593707398896813,0.000174539879679967,9185.065,94.31866638765483,13.071900244655755,0.020200318922678734,0.0015091792946070948,0.00020916157899562938,0.020206064065046755,0.004913638840151548,0.0006809955994578613,0.99,0.09974842727441166,0.01382442671033221,1000.095,342.08507269361957,47.41057223029288,0.01000095,0.003420850726936196,0.0004741057223029289,0.06358051686042474,0.0017170339007790123,0.00023796875769453374,0.9642775148038205,0.9972533993962251
fig04,N=100000,eve_rate,0.025,200,100000.0,0.0,0.0,97326.0,0.0,0.0,0.02673999999999999,1.0434459694558643e-17,1.446142332775865e-18,251.72,14.661390858630968,2.0319651039618254,0.08619211558935647,0.02451022266587512,0.003396943552464773,0.9942399692361436,0.0009273565050647381,0.0001285250543685117,0.18870553603353676,0.0013218648119354152,0.00018320111617695683,9176.415,95.52196082577034,13.238668345419036,0.02599735716182677,0.0017440553600069947,0.0002417137408778355,0.026478273555639257,0.005406655464976356,0.000749324217593521,0.945,0.22855235921889458,0.03167574091973336,570.99,348.47798269347027,48.29658435272519,0.005709900000000001,0.0034847798269347025,0.00048296584352725187,0.05731266492827486,0.0019320321182395527,0.00026776599040636987,0.9042120755340645,0.9690149791986299
fig04,N=100000,eve_rate,0.05,200,100000.0,0.0,0.0,97326.0,0.0,0.0,0.02673999999999999,1.0434459694558643e-17,1.446142332775865e-18,248.99,13.759597837993544,1.9069829677784187,0.08745664219323207,0.02481703381621695,0.0034394654084750425,0.9941819361570571,0.001263758199875405,0.0001751479506107526,0.18867599613669525,0.001302387648807412,0.00018050171908824366,9185.745,92.04041047715954,12.7561500847522,0.03193576453924497,0.0019518101759986933,0.0002705070893633666,0.03167048414158081,0.005955087659929873,0.0008253330419117615,0.74,0.4397349590046876,0.06094415600165261,296.455,278.8313334933656,38.64405123720752,0.0029645500000000003,0.002788313334933656,0.0003864405123720752,0.0513971153097969,0.0019727268309672453,0.0002734059898426951,0.6750912860870691,0.795862631072137
fig04,N=100000,eve_rate,0.075,200,100000.0,0.0,0.0,97326.0,0.0,0.0,0.02673999999999999,1.0434459694558643e-17,1.446142332775865e-18,250.705,13.496992964933982,1.8705877892218612,0.0864313947576195,0.024825053247770113,0.003440576844983813,0.9941880349644859,0.0012048906418384248,0.00016698932331270371,0.18846865174773442,0.0012420953334685994,0.00017214563050245928,9163.895,98.94282382737352,13.712775768904017,0.03814471084707858,0.0020853314576115703,0.00028901219488095865,0.037859862991578105,0.006408899683951815,0.0008882281795874633,0.335,0.4731748855991927,0.06557869337769416,89.89,173.27199375287248,24.014273147384365,0.0008989000000000001,0.0017327199375287248,0.00024014273147384367,0.045396592123037954,0.002057375190086089,0.0002851376538775478,0.2732398096874265,0.4029793722656195
fig04,N=100000,eve_rate,0.1,200,100000.0,0.0,0.0,97326.0,0.0,0.0,0.02673999999999999,1.0434459694558643e-17,1.446142332775865e-18,251.35,14.57324250072456,2.0197483648431134,0.08621128096519172,0.023092067978216634,0.003200397340367471,0.9942526899599287,0.0009182596512381052,0.0001272642947509698,0.18886340751700473,0.0013611552614315521,0.0001886464946587757,9187.765,92.96111347273362,12.883753009751523,0.044226977955047105,0.002128433090747038,0.00029498577646673823,0.04470007363648212,0.006962281376995224,0.0009649229693436188,0.08,0.27197398634103065,0.03769367140942372,15.37,66.6711203704969,9.240145859363452,0.0001537,0.000666711203704969,9.240145859363451e-05,0.040027619895079566,0.0019321515399711353,0.0002677825414139496,0.04984015517626642,0.12599048979512317
fig04,N=100000,eve_rate,0.125,200,100000.0,0.0,0.0,97326.0,0.0,0.0,0.02673999999999999,1.0434459694558643e-17,1.446142332775865e-18,252.735,13.545930613320907,1.8773702012556857,0.08747036061507353,0.024109302571504454,0.003341378862245857,0.9941903376247327,0.000992427324046113,0.00013754340977089382,0.18878567905801125,0.0013222011643414513,0.00018324773224212342,9179.23,98.07635780247448,13.592689704536742,0.050417401276297805,0.00231959253890597,0.0003214791243146258,0.050467974427984494,0.007346569749983729,0.0010181826205799968,0.015,0.12185748327926266,0.01688858554195822,3.975,46.27973036018095,6.414043389157102,3.9750000000000004e-05,0.00046279730360180974,6.414043389157106e-05,0.034674179193428654,0.0020076954481032935,0.00027825239291859576,0.005114145184492387,0.043166480556278884
fig04,N=100000,eve_rate,0.15,200,100000.0,0.0,0.0,97326.0,0.0,0.0,0.02673999999999999,1.0434459694558643e-17,1.446142332775865e-18,250.335,15.389508107765984,2.1328770062568294,0.08783879017471735,0.026884728313654273,0.0037260332453848103,0.9941506398079278,0.0012212272121773448,0.00016925345644762808,0.18864352793703637,0.0012852822273337944,0.00017813102862251003,9172.305,94.28760649572915,13.067595563255855,0.056355401084998535,0.0025179274369166323,0.000348966938775165,0.05683987526892799,0.007218468908578541,0.001000428749747868,0.005,0.07071067811865475,0.0098,1.42,20.08183258569795,2.7831999999999995,1.42e-05,0.0002008183258569795,2.7831999999999997e-05,0.0297662480628824,0.0020476076449601533,0.0002837839411883052,0.0008831459893662054,0.02777439986977148
fig04,N=100000,eve_rate,0.175,200,100000.0,0.0,0.0,97326.0,0.0,0.0,0.02673999999999999,1.0434459694558643e-17,1.446142332775865e-18,250.865,14.90360230981239,2.0655338984456635,0.08569384225628841,0.02389334355117379,0.003311448469049951,0.9942341048199068,0.0011137357858166865,0.00015435590481381703,0.18866104638020673,0.0012788660902171593,0.00017724179738592773,9181.24,83.8750710145061,11.624491771424658,0.06213192302924637,0.0023926515873564807,0.00033160459183755877,0.06244467582526281,0.00795508208781242,0.0011025181278808086,0.0,0.0,0.0,0.0,0.0,0.0,0.0,0.0,0.0,0.02522426354073592,0.0018999801809179986,0.0002633238185292434,0.0,0.018846005918320894
fig04,N=100000,eve_rate,0.2,200,100000.0,0.0,0.0,97326.0,0.0,0.0,0.02673999999999999,1.0434459694558643e-17,1.446142332775865e-18,250.89,13.507410956721827,1.872031649219209,0.08860887343115095,0.02573693913018752,0.003566957780444436,0.9940784642698776,0.0013387107744433893,0.00018553584746465736,0.18863782545260258,0.0011899249033761623,0.0001649151777828862,9178.52,86.62162622955809,12.005144903648098,0.06795779284428866,0.0029910690372365336,0.00041454101904850587,0.06758929755389985,0.008608488094058907,0.0011930755801862515,0.0,0.0,0.0,0.0,0.0,0.0,0.0,0.0,0.0,0.020779526186522294,0.0022571475845001346,0.0003128246951752207,0.0,0.018846005918320894
fig04,N=100000,eve_rate,0.225,200,100000.0,0.0,0.0,97326.0,0.0,0.0,0.02673999999999999,1.0434459694558643e-17,1.446142332775865e-18,252.71,13.198747466080516,1.8292530719411215,0.08864212255625105,0.025415259335783195,0.0035223752355016133,0.994133804157274,0.0010783212475047126,0.00014944770021599148,0.18884676242730614,0.0013010242618274128,0.00018031276329317163,9188.845,98.84900914040666,13.699773716643504,0.07373341585880565,0.0025655604067492672,0.00035556853158660027,0.07391504559519868,0.00874568016746495,0.0012120894314906205,0.0,0.0,0.0,0.0,0.0,0.0,0.0,0.0,0.0,0.016542005501128096,0.0018921454104414478,0.00026223797473997354,0.0,0.018846005918320894
fig04,N=100000,eve_rate,0.25,200,100000.0,0.0,0.0,97326.0,0.0,0.0,0.02673999999999999,1.0434459694558643e-17,1.446142332775865e-18,251.275,14.555365620337696,2.017270755626903,0.08317439205686396,0.02327318632520764,0.00322549906259298,0.9943339949563156,0.0011906706291035457,0.00016501853009575889,0.1888084376220126,0.0011974183349225654,0.0001659537144100067,9185.765,88.96252824735144,12.329577371059589,0.07975434223600886,0.003010839092342639,0.00041728100889437783,0.0795066826556156,0.008810938118389181,0.0012211337220570937,0.0,0.0,0.0,0.0,0.0,0.0,0.0,0.0,0.0,0.012249335110780342,0.00211217777407637,0.0002927329045156981,0.0,0.018846005918320894
fig04,N=100000,eve_rate,0.275,200,100000.0,0.0,0.0,97326.0,0.0,0.0,0.02673999999999999,1.0434459694558643e-17,1.446142332775865e-18,251.255,13.889006353495457,1.9249180729939372,0.0842151202962394,0.0232534391194302,0.003222762239502496,0.9942989101650519,0.0009741507442878026,0.00013501040504803022,0.1887831103713294,0.001278549357594758,0.00017719790048404367,9187.335,99.48456497538555,13.787857261427808,0.0867794355278524,0.0026909814817647312,0.00037295100574544,0.08620762881546089,0.009890265977027062,0.0013707209314585082,0.0,0.0,0.0,0.0,0.0,0.0,0.0,0.0,0.0,0.007423676712453205,0.001822569030952076,0.0002525951805094943,0.0,0.018846005918320894
fig04,N=100000,eve_rate,0.3,200,100000.0,0.0,0.0,97326.0,0.0,0.0,0.02673999999999999,1.0434459694558643e-17,1.446142332775865e-18,249.605,14.629390635011385,2.02753009923813,0.08454540398735882,0.02523903844521876,0.0034979522661074637,0.9943045998969802,0.001012213585545511,0.00014028564570828255,0.18859883278877176,0.0012869062733806011,0.00017835610992115067,9176.715,92.48079401317084,12.817184128940955,0.09236534907865346,0.002954906089861287,0.0004095290902464269,0.09265328505477484,0.010257329606191969,0.0014215933549951605,0.0,0.0,0.0,0.0,0.0,0.0,0.0,0.0,0.0,0.0037458931271355054,0.0018512291017450174,0.0002565672636692614,0.0,0.018846005918320894
fig04,N=100000,eve_rate,0.325,200,100000.0,0.0,0.0,97326.0,0.0,0.0,0.02673999999999999,1.0434459694558643e-17,1.446142332775865e-18,250.89,13.24594941404341,1.835794928169118,0.08242330233825916,0.022916136355267153,0.003176014461419376,0.9943786987150699,0.000870154782614635,0.00012059730010386804,0.18860165834412182,0.0011185366212913164,0.00015502126666443346,9177.015,87.11913390560257,12.074095949727088,0.09832056634297573,0.0030994073908161223,0.00042955594880633366,0.09854015252321807,0.010226137686398728,0.001417270375466371,0.0,0.0,0.0,0.0,0.0,0.0,0.0,0.0,0.0,0.0007133261344536587,0.001038609988374381,0.0001439440004943708,0.0,0.018846005918320894
fig04,N=100000,eve_rate,0.35,200,100000.0,0.0,0.0,97326.0,0.0,0.0,0.02673999999999999,1.0434459694558643e-17,1.446142332775865e-18,250.49,14.269477564008737,1.9776486925019754,0.08691022392606776,0.026490583511634674,0.0036714075627784226,0.9941717091405923,0.001272927802770579,0.00017641879273479381,0.18874797073752134,0.0012945393169219357,0.00017941399578358795,9182.235,90.06636177071363,12.482560892314995,0.10419025840869045,0.003310682529007776,0.00045883718905697653,0.10473756900723546,0.010223809166565297,0.0014169476590821593,0.0,0.0,0.0,0.0,0.0,0.0,0.0,0.0,0.0,3.76255303353331e-05,0.0002948855140384243,4.086904714344913e-05,0.0,0.018846005918320894
fig04,N=100000,eve_rate,0.375,200,100000.0,0.0,0.0,97326.0,0.0,0.0,0.02673999999999999,1.0434459694558643e-17,1.446142332775865e-18,251.135,14.989335404860249,2.077415899210232,0.0878101591311849,0.02580050126331594,0.0035757670426553464,0.9941773051947388,0.0010605927717016652,0.00014699065882574594,0.18858516737562417,0.0012478072126917254,0.0001729372565747295,9175.86,87.46761295807102,12.12239268234306,0.10983278645548626,0.0033464672866921653,0.00046379670344203936,0.1088145687850104,0.01042865519122664,0.0014453378696570392,0.0,0.0,0.0,0.0,0.0,0.0,0.0,0.0,0.0,0.0,0.0,0.0,0.0,0.018846005918320894
fig04,N=100000,eve_rate,0.4,200,100000.0,0.0,0.0,97326.0,0.0,0.0,0.02673999999999999,1.0434459694558643e-17,1.446142332775865e-18,251.4,14.587459334964613,2.0217187175431506,0.08692561851795613,0.02648445322768152,0.003670557948769064,0.9941054153179606,0.0017609890730008325,0.00024406063376240295,0.18864702135092368,0.0012765450346360343,0.0001769201154943066,9184.71,99.83179773597178,13.835981266801294,0.11637190379397623,0.003557244815425603,0.000493008978540314,0.11665185638264676,0.011128484820249281,0.0015423293078230453,0.0,0.0,0.0,0.0,0.0,0.0,0.0,0.0,0.0,0.0,0.0,0.0,0.0,0.018846005918320894
fig04,N=100000,eve_rate,0.425,200,100000.0,0.0,0.0,97326.0,0.0,0.0,0.02673999999999999,1.0434459694558643e-17,1.446142332775865e-18,250.57,15.030792514637758,2.083161561486838,0.0839546316650248,0.021727199380407722,0.003011236203543377,0.994347860074831,0.0008861017383859469,0.00012280743541464266,0.18884208741754513,0.0013248410191046916,0.00018361359744619265,9194.715,91.27017585169867,12.649401011905661,0.12223872255020546,0.0033269319366240704,0.00046108924205486273,0.12210716653121682,0.011271723164565699,0.0015621811295230918,0.0,0.0,0.0,0.0,0.0,0.0,0.0,0.0,0.0,0.0,0.0,0.0,0.0,0.018846005918320894
fig04,N=100000,eve_rate,0.45,200,100000.0,0.0,0.0,97326.0,0.0,0.0,0.02673999999999999,1.0434459694558643e-17,1.446142332775865e-18,249.195,13.130078821136081,1.8197360833000817,0.08845770634080051,0.0257857700888058,0.0035737254060307175,0.9940972612747505,0.0012922893959488972,0.00017910217264566276,0.18861635123194212,0.0012970028162929182,0.00017975541937727938,9176.235,96.7154027060996,13.404070951339474,0.1279580048850755,0.003493127318359792,0.000484122746814597,0.12823835325492638,0.01048909361032063,0.001453714207190208,0.0,0.0,0.0,0.0,0.0,0.0,0.0,0.0,0.0,0.0,0.0,0.0,0.0,0.018846005918320894
fig04,N=100000,eve_rate,0.475,200,100000.0,0.0,0.0,97326.0,0.0,0.0,0.02673999999999999,1.0434459694558643e-17,1.446142332775865e-18,250.8,15.329545814353791,2.1245666563765266,0.0843803712275302,0.024392151885574278,0.0033805797771802736,0.9942786616961155,0.0012245778695767478,0.000169717833871064,0.18852917000595934,0.00135640056572982,0.00018798752745443373,9181.505,96.51948002929579,13.376917453681662,0.13416920681613642,0.0038433635119145414,0.0005326630067605843,0.13457569603484587,0.010046122785894679,0.0013923215831216083,0.0,0.0,0.0,0.0,0.0,0.0,0.0,0.0,0.0,0.0,0.0,0.0,0.0,0.018846005918320894
fig04,N=100000,eve_rate,0.5,200,100000.0,0.0,0.0,97326.0,0.0,0.0,0.02673999999999999,1.0434459694558643e-17,1.446142332775865e-18,251.36,15.251670968673675,2.1137737534095304,0.08608788331361172,0.025377773540713414,0.003517179969362779,0.9942114221460323,0.0011164728029300112,0.00015473523603258391,0.18863304769537428,0.0011247056563213167,0.00015587625129903925,9178.395,81.2520674649986,11.260962026425762,0.13987570248354664,0.003443188401408966,0.000477201566037673,0.13863079262241068,0.011185563385983978,0.0015502399934377612,0.0,0.0,0.0,0.0,0.0,0.0,0.0,0.0,0.0,0.0,0.0,0.0,0.0,0.018846005918320894
fig04,N=100000,eve_rate,0.525,200,100000.0,0.0,0.0,97326.0,0.0,0.0,0.02673999999999999,1.0434459694558643e-17,1.446142332775865e-18,252.06,14.68758064235319,2.0355948228007126,0.08478014783761825,0.024989188161660243,0.003463324783469484,0.9942677361933971,0.0010186395407414464,0.00014117623766123332,0.18861039187884018,0.0012801488134911146,0.00017741957376170606,9176.55,91.02265166197857,12.615095909426138,0.1458964005698423,0.003772416607198175,0.0005228302674244733,0.1468930296558144,0.011147966031171568,0.0015450292659074246,0.0,0.0,0.0,0.0,0.0,0.0,0.0,0.0,0.0,0.0,0.0,0.0,0.0,0.018846005918320894
fig04,N=100000,eve_rate,0.55,200,100000.0,0.0,0.0,97326.0,0.0,0.0,0.02673999999999999,1.0434459694558643e-17,1.446142332775865e-18,249.32,13.483569006973976,1.8687273235678998,0.08582657869897879,0.0251375456404695,0.0034838860810134146,0.9942311733109895,0.0011088887235691583,0.00015368413625934115,0.1885004007151224,0.0012497841861056774,0.00017321125111094678,9168.155,97.66083744702516,13.535101521369127,0.15211835226812007,0.003983443257399983,0.000552077068996754,0.15143884434045238,0.012811372975591269,0.0017755657066407299,0.0,0.0,0.0,0.0,0.0,0.0,0.0,0.0,0.0,0.0,0.0,0.0,0.0,0.018846005918320894
fig04,N=100000,eve_rate,0.575,200,100000.0,0.0,0.0,97326.0,0.0,0.0,0.02673999999999999,1.0434459694558643e-17,1.446142332775865e-18,251.005,14.322031206831218,1.9849322557962785,0.08324209018844,0.025292764388214404,0.0035053983019165645,0.994299882909711,0.0011105000781397728,0.00015390745860912155,0.18861984464582945,0.0012236356645094495,0.00016958725091096243,9177.535,92.03073975743924,12.754809791379538,0.1587043325660445,0.0039042616647994442,0.0005411030601464479,0.15908021381918244,0.013241054900035139,0.001835116583136129,0.0,0.0,0.0,0.0,0.0,0.0,0.0,0.0,0.0,0.0,0.0,0.0,0.0,0.018846005918320894
fig04,N=100000,eve_rate,0.6,200,100000.0,0.0,0.0,97326.0,0.0,0.0,0.02673999999999999,1.0434459694558643e-17,1.446142332775865e-18,251.355,15.16339731361189,2.1015396489910456,0.08563067551352782,0.023668856143889166,0.0032803361017254896,0.9942650438938077,0.000968228461609879,0.0001341896185446642,0.1886547274109693,0.0013481324445972546,0.00018684162432841398,9181.075,96.20225435881736,13.332952218820358,0.16406300313615788,0.004230607536988578,0.000586332290476934,0.16364547176838593,0.011984879673839004,0.00166101957905897,0.0,0.0,0.0,0.0,0.0,0.0,0.0,0.0,0.0,0.0,0.0,0.0,0.0,0.018846005918320894
fig04,N=1000000,eve_rate,0.0,200,1000000.0,0.0,0.0,988326.0,0.0,0.0,0.011674000000000002,1.739076615759774e-18,2.4102372212931086e-19,1957.905,36.90631865661922,5.114954805382499,0.037822505415392976,0.007605443882751451,0.00105406074491175,0.9954721013101866,0.00010989938949062253,1.5231278297187834e-05,0.1889067878412589,0.0003690034895475038,5.114127446914569e-05,93355.255,283.8040409212245,39.333233325254284,0.020144118296839042,0.0004741062641711316,6.570777586209186e-05,0.020212998433471546,0.0014585462435961112,0.0002021441961461113,1.0,0.0,0.0,38225.995,1264.0902363371908,175.1939685165637,0.038225995,0.0012640902363371912,0.00017519396851656374,0.0646727065146312,0.0005625619527124409,7.796710883370051e-05,0.9811539940816791,1.0
fig04,N=1000000,eve_rate,0.025,200,1000000.0,0.0,0.0,988326.0,0.0,0.0,0.011674000000000002,1.739076615759774e-18,2.4102372212931086e-19,1959.235,40.34499184327803,5.591530594582377,0.03778848334785332,0.0073345754413581595,0.0010165202942148991,0.9954698444261106,0.00012546393347078922,1.738841403770045e-05,0.18892622980676413,0.0003733817128436772,5.174806526007122e-05,93343.07,300.4125724205658,41.63505835400627,0.02606369475954356,0.0005240396555914935,7.262819083956396e-05,0.02622083086451748,0.0016608217586601508,0.000230178152266589,1.0,0.0,0.0,33243.865,1342.82290101579,186.105759131208,0.033243865000000004,0.0013428229010157902,0.000186105759131208,0.058212125537967105,0.0005772928885004338,8.000871237312753e-05,0.9811539940816791,1.0
fig04,N=1000000,eve_rate,0.05,200,1000000.0,0.0,0.0,988326.0,0.0,0.0,0.011674000000000002,1.739076615759774e-18,2.4102372212931086e-19,1956.49,41.86614107897002,5.802351122774267,0.03935287869453883,0.0075795021892193,0.001050465409618989,0.995445299162716,0.00012726554542056087,1.76381047149435e-05,0.18889102381198108,0.00040143406423144204,5.5635922807396434e-05,93330.69,290.27907885014804,40.230627797938745,0.03211783228824799,0.000563544377028636,7.81032658973134e-05,0.032329990456290175,0.0018311379279093533,0.0002537827690380671,1.0,0.0,0.0,28446.155,1411.5169397962104,195.6262671783585,0.028446154999999997,0.00141151693979621,0.00019562626717835844,0.052025015016066024,0.0006085217491340637,8.433681164119032e-05,0.9811539940816791,1.0
fig04,N=1000000,eve_rate,0.075,200,1000000.0,0.0,0.0,988326.0,0.0,0.0,0.011674000000000002,1.739076615759774e-18,2.4102372212931086e-19,1957.675,37.348815847709695,5.176281787219811,0.03779125898510857,0.007375458175075433,0.001022186352030905,0.9954701934418848,0.00011381790943536088,1.577435745411512e-05,0.18892176265726085,0.00040170291055963457,5.567318300750179e-05,93357.565,287.4163470608256,39.8338734139929,0.03809292079006484,0.0006443115481418869,8.929702471803445e-05,0.03815103232084221,0.0020902211784818805,0.0002896898756189178,1.0,0.0,0.0,24100.725,1527.4973881249823,211.70033723203127,0.024100725,0.0015274973881249827,0.00021170033723203133,0.046277556882082314,0.000615981938224505,8.537074109896817e-05,0.9811539940816791,1.0
fig04,N=1000000,eve_rate,0.1,200,1000000.0,0.0,0.0,988326.0,0.0,0.0,0.011674000000000002,1.739076615759774e-18,2.4102372212931086e-19,1949.855,39.84068745496772,5.521637572242131,0.03809857511747426,0.007932708515727548,0.0010994173089908554,0.9954619232415283,0.000130577285197511,1.8097088431089603e-05,0.18891170524705408,0.0004103242134284695,5.6868034624860174e-05,93341.785,313.4272034048271,43.43879418343416,0.04410672517993337,0.0006666000345418829,9.238605133369543e-05,0.04399692936017494,0.002162104799190609,0.00029965243716815695,1.0,0.0,0.0,19901.96,1530.0062168231825,212.0480431499565,0.01990196,0.0015300062168231827,0.00021204804314995654,0.040758215612678776,0.0006021554303231992,8.34544848695282e-05,0.9811539940816791,1.0
fig04,N=1000000,eve_rate,0.125,200,1000000.0,0.0,0.0,988326.0,0.0,0.0,0.011674000000000002,1.739076615759774e-18,2.4102372212931086e-19,1953.425,38.396167823333464,5.321437365333339,0.03857194071118601,0.007771498106934288,0.0010770746862327637,0.9954544867520758,0.00012933359767475656,1.792472213441032e-05,0.18885829169727397,0.00037748177007202295,5.2316304200876794e-05,93318.365,277.1658099514263,38.41322145102422,0.05003273558374298,0.0007237045602018183,0.00010030033481048942,0.05001978946915395,0.0022799163119484158,0.00031598027980444355,1.0,0.0,0.0,15745.045,1548.7005553124611,214.63894627900734,0.015745045000000003,0.0015487005553124612,0.00021463894627900737,0.03556363952421246,0.0006323965199511305,8.764568606061875e-05,0.9811539940816791,1.0
fig04,N=1000000,eve_rate,0.15,200,1000000.0,0.0,0.0,988326.0,0.0,0.0,0.011674000000000002,1.739076615759774e-18,2.4102372212931086e-19,1957.77,39.43631849045246,5.465594893007747,0.037586806538802225,0.007723641333722169,0.0010704420758554205,0.9954691497940368,0.0001268877805059878,1.758574916891686e-05,0.18892609827121817,0.00035322792767744496,4.895489314117777e-05,93354.405,268.72971415784446,37.244038224717535,0.056121577861822515,0.0007725723123959072,0.00010707305972621509,0.056242316578778054,0.0023896791671608247,0.0003311926354160895,1.0,0.0,0.0,11626.205,1555.2774746296727,215.5504607917167,0.011626205,0.0015552774746296727,0.00021555046079171672,0.03047245369869165,0.0006456067498914388,8.947653052229657e-05,0.9811539940816791,1.0
fig04,N=1000000,eve_rate,0.175,200,1000000.0,0.0,0.0,988326.0,0.0,0.0,0.011674000000000002,1.739076615759774e-18,2.4102372212931086e-19,1954.775,37.448985400644546,5.190164578968948,0.037631169513122315,0.007401424749491298,0.0010257851356382192,0.9954707309920239,0.00011700154576503016,1.6215586938273157e-05,0.1888553928562033,0.00040888356078056583,5.6668370354553435e-05,93327.72,301.5312205807628,41.79009507917436,0.06208880172527354,0.0008052453907289475,0.00011160131735551535,0.06209667199192766,0.0026723661715466274,0.0003703710553759739,1.0,0.0,0.0,7879.1,1677.3391706710174,232.46734877853405,0.007879100000000002,0.0016773391706710174,0.00023246734877853403,0.025659855930680885,0.0006343409174554221,8.79151658060977e-05,0.9811539940816791,1.0
fig04,N=1000000,eve_rate,0.2,200,1000000.0,0.0,0.0,988326.0,0.0,0.0,0.011674000000000002,1.739076615759774e-18,2.4102372212931086e-19,1956.765,47.386359963102926,6.567414427268732,0.03780711577448606,0.00773291559902935,0.0010717274234497097,0.9954683346705159,0.00012394977736775514,1.717856270824729e-05,0.18887967634161199,0.00040835937664723154,5.65957221401203e-05,93317.365,293.9853204125853,40.744286672075646,0.06813832945868292,0.000841419480348652,0.00011661479039389057,0.0683374668421079,0.002463549146227772,0.0003414304921884614,0.99,0.09974842727441166,0.01382442671033221,4022.795,1484.353353269298,205.72087906764747,0.004022795,0.001484353353269298,0.00020572087906764745,0.020969585923708,0.0006445635212589757,8.93319464103894e-05,0.9642775148038205,0.9972533993962251
fig04,N=1000000,eve_rate,0.225,200,1000000.0,0.0,0.0,988326.0,0.0,0.0,0.011674000000000002,1.739076615759774e-18,2.4102372212931086e-19,1957.87,40.54643222071636,5.619448806533096,0.03735581789187183,0.007944194995844337,0.0011010092539154345,0.9954659911094608,0.00017851129017387496,2.4740402584860072e-05,0.18889321944378676,0.0003967186901534763,5.4982405302069714e-05,93333.82,308.46743489704033,42.751405338219755,0.07399474350676175,0.000835957617573117,0.00011585781483341831,0.07394781077809967,0.0025802610213187267,0.00035760593281953645,0.66,0.47489750282661497,0.06581743594498238,989.385,1115.1804355322818,154.556123049443,0.000989385,0.0011151804355322818,0.000154556123049443,0.016594289992487177,0.0006148063039451776,8.520780650063105e-05,0.5918836703220929,0.7220856077840445
fig04,N=1000000,eve_rate,0.25,200,1000000.0,0.0,0.0,988326.0,0.0,0.0,0.011674000000000002,1.739076615759774e-18,2.4102372212931086e-19,1957.365,40.33368076459301,5.589962959055997,0.037954709953654894,0.008088534981090734,0.0011210137552587966,0.9954586139091305,0.00020102573435702275,2.7860745351543836e-05,0.18897058258105118,0.0004102761545764592,5.686137400779028e-05,93366.13,279.18183246387906,38.69262791618191,0.08020970489332367,0.000875856879620152,0.00012138757042994663,0.08015041987448145,0.0029215394959243263,0.0004049047162581941,0.03,0.17101529509309654,0.023701510670001626,14.37,125.5074247538436,17.39444162200982,1.4370000000000001e-05,0.00012550742475384358,1.7394441622009815e-05,0.012110886913969327,0.0006222078753451556,8.623361196098976e-05,0.013820125830748327,0.06389511973247333
fig04,N=1000000,eve_rate,0.275,200,1000000.0,0.0,0.0,988326.0,0.0,0.0,0.011674000000000002,1.739076615759774e-18,2.4102372212931086e-19,1952.365,35.3414326152249,4.898072665178297,0.03740640222682077,0.007231990082505463,0.0010023026888474405,0.9954716561847528,0.00012103767260850454,1.6774965579780116e-05,0.18890433419742067,0.00038002255942659125,5.266843963978444e-05,93370.645,297.57495398841286,41.24178450379039,0.08616181713769962,0.0008697773210856057,0.00012054498660493256,0.08604765109492368,0.0031156753673669308,0.0004318105753272447,0.0,0.0,0.0,0.0,0.0,0.0,0.0,0.0,0.0,0.007954925886261467,0.0005990410525036964,8.30228541251601e-05,0.0,0.018846005918320894
fig04,N=1000000,eve_rate,0.3,200,1000000.0,0.0,0.0,988326.0,0.0,0.0,0.011674000000000002,1.739076615759774e-18,2.4102372212931086e-19,1960.47,40.370384438329204,5.595049828708287,0.037086319289565045,0.007553818620232572,0.0010469058485630537,0.9954729969202185,0.00018721820939496744,2.594712002325776e-05,0.1889090037093024,0.00035195403543638047,4.877834068411488e-05,93340.79,258.34917725228905,35.80536920921555,0.09215676394815267,0.0009465386064125485,0.0001311835579808388,0.09210907536467872,0.0029353068136021864,0.00040681276914119187,0.0,0.0,0.0,0.0,0.0,0.0,0.0,0.0,0.0,0.003899726375038003,0.000629232084866251,8.720711773321876e-05,0.0,0.018846005918320894
fig04,N=1000000,eve_rate,0.325,200,1000000.0,0.0,0.0,988326.0,0.0,0.0,0.011674000000000002,1.739076615759774e-18,2.4102372212931086e-19,1953.585,41.565505303746505,5.760685130090014,0.036840753585440277,0.007282157297549022,0.0010092555101257471,0.99548226211953,0.00011517462193980859,1.596238821407017e-05,0.18885697634181434,0.00039805234313608143,5.516724017534866e-05,93330.63,281.99749295011605,39.082858550356,0.09815317775794659,0.0009737574135965823,0.00013495589219542412,0.09839649594843695,0.003167435865887367,0.0004389842144295185,0.0,0.0,0.0,0.0,0.0,0.0,0.0,0.0,0.0,0.00024206087320027516,0.00037323294757327964,5.17274474454966e-05,0.0,0.018846005918320894
fig04,N=1000000,eve_rate,0.35,200,1000000.0,0.0,0.0,988326.0,0.0,0.0,0.011674000000000002,1.739076615759774e-18,2.4102372212931086e-19,1959.085,35.56278014523458,4.928749867714171,0.03757959456276081,0.007628515896343627,0.0010572583628560147,0.9954683139559392,0.00013036627933547145,1.806784451060962e-05,0.18893640863439795,0.0003731247731494392,5.171245523524149e-05,93316.375,254.02707166895325,35.20635593648728,0.10429117545084927,0.0009766350123322908,0.00013535470703301657,0.10434418946733298,0.0031905432323731664,0.0004421867320348628,0.0,0.0,0.0,0.0,0.0,0.0,0.0,0.0,0.0,0.0,0.0,0.0,0.0,0.018846005918320894
fig04,N=1000000,eve_rate,0.375,200,1000000.0,0.0,0.0,988326.0,0.0,0.0,0.011674000000000002,1.739076615759774e-18,2.4102372212931086e-19,1958.38,40.77509832258017,5.6511403113791525,0.03720416259361496,0.006959394897707442,0.0009645229237243022,0.9954811274941879,0.00010101438682547683,1.399987975265236e-05,0.18887320074550298,0.00041910544363305566,5.808505104012548e-05,93330.3,312.099890593609,43.25483801307882,0.11014334606740254,0.0009355910737899855,0.00012966630736812245,0.1100985094204427,0.0032679166457625663,0.000452910140031937,0.0,0.0,0.0,0.0,0.0,0.0,0.0,0.0,0.0,0.0,0.0,0.0,0.0,0.018846005918320894
fig04,N=1000000,eve_rate,0.4,200,1000000.0,0.0,0.0,988326.0,0.0,0.0,0.011674000000000002,1.739076615759774e-18,2.4102372212931086e-19,1964.315,38.339999383983034,5.313652816800081,0.03803834037933333,0.008045857394171463,0.0011150989434801988,0.9954622078699839,0.00012911838453379584,1.789489511482106e-05,0.18888845380977531,0.0003756747887947252,5.2065869372804544e-05,93331.18,282.9137830562804,39.20984988008618,0.11600092768097787,0.0011078209874391468,0.00015353615558156354,0.11594698179331576,0.0033868318910165985,0.00046939095218783214,0.0,0.0,0.0,0.0,0.0,0.0,0.0,0.0,0.0,0.0,0.0,0.0,0.0,0.018846005918320894
fig04,N=1000000,eve_rate,0.425,200,1000000.0,0.0,0.0,988326.0,0.0,0.0,0.011674000000000002,1.739076615759774e-18,2.4102372212931086e-19,1965.615,42.98634555905646,5.9576035428744625,0.0380922763639496,0.007272120847651276,0.0010078645291365272,0.9954686854465244,0.00011338928612029375,1.571495329339403e-05,0.18889973045331196,0.00040069502178662617,5.553349675023089e-05,93339.2,301.8807878124265,41.83854262573239,0.12200299259861713,0.0010515972706936095,0.00014574394599220448,0.12201794061985538,0.0031658940466817716,0.000438770529189653,0.0,0.0,0.0,0.0,0.0,0.0,0.0,0.0,0.0,0.0,0.0,0.0,0.0,0.018846005918320894
fig04,N=1000000,eve_rate,0.45,200,1000000.0,0.0,0.0,988326.0,0.0,0.0,0.011674000000000002,1.739076615759774e-18,2.4102372212931086e-19,1961.64,38.37556278539088,5.318581652770401,0.037946276053895965,0.0074492397862466675,0.0010324119616377707,0.9954686808305128,0.0001140043561123258,1.5800197645198992e-05,0.18893493138903558,0.000374050452136178,5.184074779743157e-05,93372.755,293.25454149173487,40.64300588090127,0.1281339644263594,0.0010626904631480048,0.0001472813840276685,0.12848463731197857,0.00342651412157867,0.0004748906287551497,0.0,0.0,0.0,0.0,0.0,0.0,0.0,0.0,0.0,0.0,0.0,0.0,0.0,0.018846005918320894
fig04,N=1000000,eve_rate,0.475,200,1000000.0,0.0,0.0,988326.0,0.0,0.0,0.011674000000000002,1.739076615759774e-18,2.4102372212931086e-19,1960.42,41.220373554589486,5.7128523100446005,0.037706225583352404,0.007733671000146206,0.0010718321167031497,0.9954657636995714,0.00013286203082007309,1.8413738019197592e-05,0.18890202220724742,0.0003553713386728094,4.92519547493174e-05,93345.055,275.68876190771914,38.20851303620686,0.13413851646060937,0.001103053461676162,0.00015287541022145188,0.13443068025939503,0.003598464692728706,0.0004987217620734115,0.0,0.0,0.0,0.0,0.0,0.0,0.0,0.0,0.0,0.0,0.0,0.0,0.0,0.018846005918320894
fig04,N=1000000,eve_rate,0.5,200,1000000.0,0.0,0.0,988326.0,0.0,0.0,0.011674000000000002,1.739076615759774e-18,2.4102372212931086e-19,1954.87,36.593146789526024,5.071551399006403,0.03810146931571746,0.007667134547649496,0.0010626106348588717,0.9954656091900814,0.00011812311026741139,1.6371027847846848e-05,0.1889250814002667,0.0004001964095929375,5.5464392625816336e-05,93380.98,288.5179067450802,39.98654179722605,0.14015334685769099,0.0011352924075902116,0.00015734350016718152,0.1401408757261421,0.00344944468536953,0.00047806864275712753,0.0,0.0,0.0,0.0,0.0,0.0,0.0,0.0,0.0,0.0,0.0,0.0,0.0,0.018846005918320894
fig04,N=1000000,eve_rate,0.525,200,1000000.0,0.0,0.0,988326.0,0.0,0.0,0.011674000000000002,1.739076615759774e-18,2.4102372212931086e-19,1957.865,40.698014903499,5.640457094542683,0.037324481971742096,0.006876853386918637,0.0009530832539707055,0.9954750718560801,0.00011244479309351115,1.558405323828584e-05,0.1889094539655944,0.0003897011053071894,5.400981766292687e-05,93359.43,294.12262014063447,40.76331544355234,0.14596877778570239,0.0010492815493312164,0.00014542300338558187,0.14614162727302385,0.003933814745514955,0.0005451989081671105,0.0,0.0,0.0,0.0,0.0,0.0,0.0,0.0,0.0,0.0,0.0,0.0,0.0,0.018846005918320894
fig04,N=1000000,eve_rate,0.55,200,1000000.0,0.0,0.0,988326.0,0.0,0.0,0.011674000000000002,1.739076615759774e-18,2.4102372212931086e-19,1957.175,38.469519030946586,5.331603324050386,0.037914163251593636,0.008151967902563746,0.0011298051096479086,0.9954633097771495,0.00013277483794803797,1.8401653703664505e-05,0.1888648785926911,0.00038974978280988636,5.401656402060753e-05,93349.28,296.9127946690593,41.150013904181996,0.152144854139124,0.001281300649963819,0.00017757921015231688,0.15206085195045596,0.003840187176466557,0.0005322227891270041,0.0,0.0,0.0,0.0,0.0,0.0,0.0,0.0,0.0,0.0,0.0,0.0,0.0,0.018846005918320894
fig04,N=1000000,eve_rate,0.575,200,1000000.0,0.0,0.0,988326.0,0.0,0.0,0.011674000000000002,1.739076615759774e-18,2.4102372212931086e-19,1956.235,38.523630743066526,5.339102824732383,0.03798318802405658,0.007669416875363534,0.001062926949341955,0.9954624133809622,0.00014056326568216487,1.9481074716518676e-05,0.18890332744458813,0.0003851642617318873,5.3381043222900244e-05,93339.215,271.90126935412036,37.683593349211584,0.15813769944035946,0.0010713034926322497,0.00014847508901242286,0.1580670027182423,0.0038534453016867915,0.0005340602715358176,0.0,0.0,0.0,0.0,0.0,0.0,0.0,0.0,0.0,0.0,0.0,0.0,0.0,0.018846005918320894
fig04,N=1000000,eve_rate,0.6,200,1000000.0,0.0,0.0,988326.0,0.0,0.0,0.011674000000000002,1.739076615759774e-18,2.4102372212931086e-19,1955.99,39.58909422946612,5.486768530174986,0.03750927961296343,0.0074217586942709685,0.0010286032766056467,0.9954714456563232,0.00012558519463058197,1.740521997702371e-05,0.18885047545040806,0.000405883425040728,5.6252572754634013e-05,93327.1,279.1719629988354,38.69126007811274,0.16410063764499763,0.001168000405774477,0.00016187659744094725,0.1641672817401649,0.0035969184114746458,0.0004985074584251794,0.0,0.0,0.0,0.0,0.0,0.0,0.0,0.0,0.0,0.0,0.0,0.0,0.0,0.018846005918320894
fig04,N=10000000,eve_rate,0.0,200,10000000.0,0.0,0.0,9898326.0,0.0,0.0,0.010167399999999998,1.739076615759774e-18,2.4102372212931086e-19,19041.49,122.68925448395693,17.003863149568282,0.025882998817831456,0.0021425065779332405,0.0002969362622787022,0.995616550769092,1.8254223968239183e-05,2.529906368435027e-06,0.18893604736800945,0.00012544617640422188,1.7385953033832435e-05,935091.99,1058.39981611571,146.68673068767467,0.020097620469030197,0.00015108909705115975,2.0939880517292583e-05,0.02006889284555186,0.0004906094764432012,6.799500439064438e-05,1.0,0.0,0.0,511400.175,4724.938423929419,654.8430560488765,0.051140017499999996,0.0004724938423929419,6.548430560488765e-05,0.06483059872308952,0.00018981838464684106,2.6307485927620916e-05,0.9811539940816791,1.0
fig04,N=10000000,eve_rate,0.025,200,10000000.0,0.0,0.0,9898326.0,0.0,0.0,0.010167399999999998,1.739076615759774e-18,2.4102372212931086e-19,19025.07,114.35906206058567,15.849357381541978,0.025800011410496787,0.0023744728777618587,0.0003290851512273535,0.9956169085432123,2.2214491280343935e-05,3.078771415288363e-06,0.18892997512912793,0.00012631880544214537,1.750689324822693e-05,935030.34,1019.7088383332148,141.32443474656952,0.026098520086255735,0.00016181391940826305,2.2426265061975432e-05,0.02603385872064003,0.0005379434724974257,7.455516155040187e-05,1.0,0.0,0.0,456812.965,4764.912908849395,660.3832370037019,0.045681296499999996,0.0004764912908849397,6.603832370037023e-05,0.05827377825984052,0.00017955882548274698,2.4885583571665478e-05,0.9811539940816791,1.0
fig04,N=10000000,eve_rate,0.05,200,10000000.0,0.0,0.0,9898326.0,0.0,0.0,0.010167399999999998,1.739076615759774e-18,2.4102372212931086e-19,19019.195,127.10458232985242,17.615796368723203,0.025797158590668175,0.002243289094244144,0.00031090400641756497,0.9956171711456023,2.011043347127297e-05,2.7871638805070555e-06,0.1889530957052738,0.0001251092155575586,1.733925264309712e-05,935174.605,1036.7739580910968,143.68953967947107,0.03210221922471005,0.0001753880617543627,2.4307545209912264e-05,0.03209730562039266,0.0005742212130013299,7.958299986842343e-05,1.0,0.0,0.0,404553.03,4872.631986047919,675.3123394339478,0.04045530299999999,0.0004872631986047919,6.753123394339478e-05,0.05214297705063605,0.0001849575434753457,2.563380771171243e-05,0.9811539940816791,1.0
fig04,N=10000000,eve_rate,0.075,200,10000000.0,0.0,0.0,9898326.0,0.0,0.0,0.010167399999999998,1.739076615759774e-18,2.4102372212931086e-19,19042.2,108.49194676363226,15.036216687096077,0.026131218741043533,0.0024666663215747067,0.00034186251065035063,0.9956136694896993,2.2770942857904308e-05,3.1558916693317615e-06,0.18892477930106566,0.0001227965965210648,1.701873999690797e-05,935050.69,911.1906308389277,126.28457850789135,0.03811219905521182,0.0001865808040921943,2.5858780155314545e-05,0.03815274678524197,0.0006427528500504793,8.908100018394412e-05,1.0,0.0,0.0,354871.15,5194.4979035369,719.9206797202482,0.035487115,0.0005194497903536898,7.19920679720248e-05,0.0463311201193714,0.00018321584741231328,2.5392420952712948e-05,0.9811539940816791,1.0
fig04,N=10000000,eve_rate,0.1,200,10000000.0,0.0,0.0,9898326.0,0.0,0.0,0.010167399999999998,1.739076615759774e-18,2.4102372212931086e-19,19042.74,116.82264356815102,16.190792358783003,0.02608560692109678,0.0022442488483189658,0.00031103702154602225,0.9956142291995016,2.069777965225772e-05,2.8685659081328096e-06,0.1889290608331146,0.0001282162598910441,1.776986701815747e-05,934985.405,947.3848485336651,131.3008411551428,0.0440793269806356,0.00019915207301010986,2.7601069137310188e-05,0.04407388876969383,0.0006350893234055839,8.801888957889588e-05,1.0,0.0,0.0,308519.035,4837.816118639051,670.4871063901581,0.0308519035,0.000483781611863905,6.70487106390158e-05,0.040849964936806246,0.0001815935412632503,2.516758079159699e-05,0.9811539940816791,1.0
fig04,N=10000000,eve_rate,0.125,200,10000000.0,0.0,0.0,9898326.0,0.0,0.0,0.010167399999999998,1.739076615759774e-18,2.4102372212931086e-19,19043.49,125.07629792053942,17.33469049136317,0.025653568312565368,0.0024309506348280507,0.0003369125690088648,0.9956178252859682,2.1660007566717123e-05,3.001923893271611e-06,0.18892729386767015,0.00012188790247394049,1.6892801427249864e-05,934956.91,932.2914504827426,129.20900290900357,0.05010064567533799,0.00023311042619098658,3.2307456772486826e-05,0.05004658508813502,0.0007037431089346374,9.753381881003311e-05,1.0,0.0,0.0,263731.825,5187.303621214816,718.923603060368,0.026373182499999998,0.0005187303621214815,7.189236030603676e-05,0.03557148254113235,0.0002029617080787688,2.8129057620325572e-05,0.9811539940816791,1.0
fig04,N=10000000,eve_rate,0.15,200,10000000.0,0.0,0.0,9898326.0,0.0,0.0,0.010167399999999998,1.739076615759774e-18,2.4102372212931086e-19,19035.5,134.9579498999819,18.704217583665066,0.026224680288316884,0.0021894010060868555,0.0003034354984355704,0.9956123586520909,2.24966507804124e-05,3.1178767268797876e-06,0.18893318425762096,0.00012852733277729985,1.7812979520631155e-05,935057.205,938.627664432061,130.0871573597235,0.05608184791912765,0.00026050985650747385,3.6104824076064364e-05,0.056044972217175804,0.0007738771117161789,0.00010725389568591562,1.0,0.0,0.0,220553.635,5491.1283644941095,761.0315641683178,0.0220553635,0.0005491128364494111,7.61031564168318e-05,0.030552983988865398,0.0002178277314923802,3.018938334947392e-05,0.9811539940816791,1.0
fig04,N=10000000,eve_rate,0.175,200,10000000.0,0.0,0.0,9898326.0,0.0,0.0,0.010167399999999998,1.739076615759774e-18,2.4102372212931086e-19,19036.395,123.7530324485061,17.15129525360055,0.026135443773887403,0.002393280509814574,0.00033169175604321063,0.995613262379369,2.240157367422682e-05,3.104699712241982e-06,0.18893402025756678,0.00012730864410658526,1.7644077888080523e-05,935069.12,903.9364919658558,125.279206153283,0.062097359154976974,0.0002433293447226231,3.372372662414898e-05,0.06208844326291741,0.0008139028479225341,0.00011280117970664116,1.0,0.0,0.0,178645.37,5544.1362607251485,768.3780837730724,0.017864537,0.000554413626072515,7.683780837730726e-05,0.025701032777779704,0.00019214575336497038,2.663004277539141e-05,0.9811539940816791,1.0
fig04,N=10000000,eve_rate,0.2,200,10000000.0,0.0,0.0,9898326.0,0.0,0.0,0.010167399999999998,1.739076615759774e-18,2.4102372212931086e-19,19042.14,126.22055515134439,17.49327645263866,0.02594507021007393,0.0021786880429197357,0.0003019507574907642,0.995615222568537,2.0826508244510832e-05,2.886406780793705e-06,0.188947909474794,0.00012793034931852168,1.773024183444734e-05,935119.96,912.7291387942099,126.4978048318769,0.06808281171025045,0.0002680283244260116,3.714683056733335e-05,0.06814236950751235,0.0007301436691712988,0.0001011927497834447,1.0,0.0,0.0,138166.29,4802.242952284258,665.5569170672388,0.013816629,0.0004802242952284257,6.655569170672388e-05,0.021054154299996082,0.00020507773682814254,2.8422324242787676e-05,0.9811539940816791,1.0
fig04,N=10000000,eve_rate,0.225,200,10000000.0,0.0,0.0,9898326.0,0.0,0.0,0.010167399999999998,1.739076615759774e-18,2.4102372212931086e-19,19040.29,112.96290981988237,15.655860553015838,0.025980428286069078,0.0024895581449083026,0.00034503515549888096,0.9956154520682173,2.248529593433282e-05,3.1163030255019966e-06,0.18892841728995385,0.0001318186510482843,1.8269132960448587e-05,935061.81,966.0463350727736,133.88719123619248,0.07408343783285584,0.00026684676613846213,3.698307494334464e-05,0.07406620380893683,0.0008322648365873118,0.00011534602150002438,1.0,0.0,0.0,99887.255,5285.616589731346,732.549085336825,0.0099887255,0.0005285616589731346,7.32549085336825e-05,0.016558388504575635,0.00019766403796600502,2.7394838001925558e-05,0.9811539940816791,1.0
fig04,N=10000000,eve_rate,0.25,200,10000000.0,0.0,0.0,9898326.0,0.0,0.0,0.010167399999999998,1.739076615759774e-18,2.4102372212931086e-19,19020.465,123.25073016999609,17.081679709521936,0.026163708733062903,0.00225991404595883,0.00031320810717205827,0.9956132731406308,2.2306926948861506e-05,3.0915823453426905e-06,0.18893806589114157,0.00013367250221887138,1.8526063624319e-05,935000.32,963.906388206931,133.59060973191012,0.08007492524877767,0.0002862312739208222,3.96696306563072e-05,0.08003348961059636,0.000887526978227358,0.00012300496357895173,1.0,0.0,0.0,62582.6,5466.386996359648,757.6025854883106,0.00625826,0.0005466386996359647,7.576025854883105e-05,0.012222730544899413,0.00020281043054551427,2.8108091623882905e-05,0.9811539940816791,1.0
fig04,N=10000000,eve_rate,0.275,200,10000000.0,0.0,0.0,9898326.0,0.0,0.0,0.010167399999999998,1.739076615759774e-18,2.4102372212931086e-19,19039.545,132.79238329174422,18.40408536424104,0.02627663749374232,0.00222584962478741,0.00030848701926338714,0.9956126429102187,1.9657113314663335e-05,2.72433691217676e-06,0.18894034708495155,0.00012862232637545466,1.782614496164637e-05,935129.045,906.2390462897196,125.59832390146808,0.08607774650768724,0.00028657420172959917,3.9717158025799754e-05,0.08600508855172713,0.0009518905758231408,0.00013192530309797363,1.0,0.0,0.0,26442.665,5673.988633920967,786.3747045264986,0.0026442665,0.0005673988633920967,7.863747045264986e-05,0.0080236155860128,0.00019811598367032947,2.745747448088772e-05,0.9811539940816791,1.0
fig04,N=10000000,eve_rate,0.3,200,10000000.0,0.0,0.0,9898326.0,0.0,0.0,0.010167399999999998,1.739076615759774e-18,2.4102372212931086e-19,19037.38,116.88711902072369,16.199728200610906,0.02625462538972565,0.0023571371459380794,0.00032668254137558603,0.995612913639626,2.155784249147139e-05,2.987764536240299e-06,0.1889467416005494,0.0001155295462326434,1.601157821142735e-05,935149.8,875.5520813956077,121.34532755121872,0.09205842753851351,0.00030827163638886293,4.272426904945557e-05,0.09211879635966014,0.0009388163324156639,0.00013011330540820077,0.03,0.17101529509309654,0.023701510670001626,74.735,528.2477289023137,73.21140004563094,7.4735000000000005e-06,5.2824772890231376e-05,7.321140004563093e-06,0.003971226814471638,0.00020565148459974296,2.8501841627025583e-05,0.013820125830748327,0.06389511973247333
fig04,N=10000000,eve_rate,0.325,200,10000000.0,0.0,0.0,9898326.0,0.0,0.0,0.010167399999999998,1.739076615759774e-18,2.4102372212931086e-19,19040.915,120.89269204525866,16.754872298855478,0.025737554191455132,0.0023397714839260126,0.00032427578341135495,0.995617834838016,2.0442684639864554e-05,2.833211543163235e-06,0.18893190626374598,0.0001239051325257388,1.717237524882248e-05,935006.225,958.50257186738,132.8416789970254,0.0980801515469064,0.0002944742406785061,4.0812047563832106e-05,0.09812797308420101,0.0008903398918658833,0.00012339481351945564,0.0,0.0,0.0,0.0,0.0,0.0,0.0,0.0,0.0,8.31785327981905e-05,0.00010792729327625575,1.4957959706346944e-05,0.0,0.018846005918320894
fig04,N=10000000,eve_rate,0.35,200,10000000.0,0.0,0.0,9898326.0,0.0,0.0,0.010167399999999998,1.739076615759774e-18,2.4102372212931086e-19,19060.71,119.22562496477511,16.523828589144134,0.02596783356886494,0.0022550298326091713,0.00031253118973751835,0.9956155038578467,2.006438853119375e-05,2.7807823773906635e-06,0.18893700611598366,0.00012637384808671302,1.751452176956366e-05,935065.745,908.4057380375233,125.89861205728023,0.10409785185479281,0.00032302907241534793,4.4769545334557396e-05,0.10404397315968832,0.0009856636951516876,0.00013660601863098505,0.0,0.0,0.0,0.0,0.0,0.0,0.0,0.0,0.0,0.0,0.0,0.0,0.0,0.018846005918320894
fig04,N=10000000,eve_rate,0.375,200,10000000.0,0.0,0.0,9898326.0,0.0,0.0,0.010167399999999998,1.739076615759774e-18,2.4102372212931086e-19,19029.15,124.51262776265631,17.256569793128808,0.025900353566329425,0.002495307164268659,0.0003458319289315576,0.9956148497579279,2.811897858123732e-05,3.89709160522711e-06,0.1889453994544128,0.00012849760433849018,1.7808859369218574e-05,935073.4,943.9850575855127,130.82965416926794,0.11010464450460387,0.0003330673523605825,4.6160779955419354e-05,0.11004784317316392,0.0010380097009823504,0.00014386080490639994,0.0,0.0,0.0,0.0,0.0,0.0,0.0,0.0,0.0,0.0,0.0,0.0,0.0,0.018846005918320894
fig04,N=10000000,eve_rate,0.4,200,10000000.0,0.0,0.0,9898326.0,0.0,0.0,0.010167399999999998,1.739076615759774e-18,2.4102372212931086e-19,19031.785,118.58579903879023,16.435153239939734,0.025855744455350757,0.0022210156897976992,0.00030781707005402345,0.9956165085018188,2.0790117882390626e-05,2.8813633339159987e-06,0.1889451322375117,0.00013101280009563635,1.8157447716492954e-05,935076.4,990.428504797584,137.26638755647363,0.11603979036773601,0.00037234578247672263,5.160449263615834e-05,0.11623971396913287,0.001002721597074219,0.00013897012322294352,0.0,0.0,0.0,0.0,0.0,0.0,0.0,0.0,0.0,0.0,0.0,0.0,0.0,0.018846005918320894
fig04,N=10000000,eve_rate,0.425,200,10000000.0,0.0,0.0,9898326.0,0.0,0.0,0.010167399999999998,1.739076615759774e-18,2.4102372212931086e-19,19029.665,112.4850979521578,15.589639206703145,0.02585960553895314,0.002174773533304021,0.000301408234137083,0.9956164495905554,1.92658936263713e-05,2.6701166296498625e-06,0.18893247252111117,0.00012342936076004658,1.710643664622614e-05,935074.205,951.4716466859305,131.86724248175705,0.12209666352467977,0.00034356744991725436,4.761601923176618e-05,0.12206718603488412,0.0011033554163662213,0.00015291725900640646,0.0,0.0,0.0,0.0,0.0,0.0,0.0,0.0,0.0,0.0,0.0,0.0,0.0,0.018846005918320894
fig04,N=10000000,eve_rate,0.45,200,10000000.0,0.0,0.0,9898326.0,0.0,0.0,0.010167399999999998,1.739076615759774e-18,2.4102372212931086e-19,19034.48,119.31483457116185,16.536192409798254,0.02588237645150951,0.002119621885467518,0.00029376460571803743,0.9956163999293195,1.883950323715619e-05,2.6110219366630947e-06,0.18893031862155277,0.00012208434701556242,1.692002725168142e-05,934933.99,924.6307261815363,128.14728068897557,0.12809630583529802,0.00035542666326898633,4.925962234715353e-05,0.12823906745516203,0.0011386385958260196,0.00015780725819614417,0.0,0.0,0.0,0.0,0.0,0.0,0.0,0.0,0.0,0.0,0.0,0.0,0.0,0.018846005918320894
fig04,N=10000000,eve_rate,0.475,200,10000000.0,0.0,0.0,9898326.0,0.0,0.0,0.010167399999999998,1.739076615759774e-18,2.4102372212931086e-19,19031.655,114.07542235260242,15.810046923599947,0.026339176413501014,0.002444661912446525,0.00033881285513588465,0.9956119059006825,2.31874496407172e-05,3.21361656435705e-06,0.18892906386393013,0.00011812191343796516,1.6370861975748246e-05,935099.44,900.6680694108577,124.82622589780826,0.13408513815708636,0.0003411601662533611,4.728238673758239e-05,0.1340025234689921,0.0011400330392845335,0.00015800051819954146,0.0,0.0,0.0,0.0,0.0,0.0,0.0,0.0,0.0,0.0,0.0,0.0,0.0,0.018846005918320894
fig04,N=10000000,eve_rate,0.5,200,10000000.0,0.0,0.0,9898326.0,0.0,0.0,0.010167399999999998,1.739076615759774e-18,2.4102372212931086e-19,19030.205,124.70517180282404,17.28325503563882,0.026258660529896158,0.002279918219367769,0.0003159805441592788,0.9956124054156409,2.184310455755383e-05,3.027299841543366e-06,0.18893604433719396,0.00013107154521545567,1.8165589374719784e-05,935130.775,973.1261206072111,134.86839945089892,0.14002800575333788,0.0003686476187449886,5.1091953292239475e-05,0.1401537831658857,0.0012301929231497432,0.0001704960405928694,0.0,0.0,0.0,0.0,0.0,0.0,0.0,0.0,0.0,0.0,0.0,0.0,0.0,0.018846005918320894
fig04,N=10000000,eve_rate,0.525,200,10000000.0,0.0,0.0,9898326.0,0.0,0.0,0.010167399999999998,1.739076615759774e-18,2.4102372212931086e-19,19046.32,133.3403006554825,18.480022836593164,0.025802204200317105,0.002236692938457242,0.00030998982586617546,0.9956168012797161,2.0317642082024938e-05,2.8158815288085153e-06,0.18892555013847798,0.00013164978443944812,1.8245729242500674e-05,935027.295,937.0377026866537,129.86679990425057,0.14608014998209146,0.00036523802518440777,5.0619407733595237e-05,0.14593280708788833,0.0011814127880621739,0.00016373545878857663,0.0,0.0,0.0,0.0,0.0,0.0,0.0,0.0,0.0,0.0,0.0,0.0,0.0,0.018846005918320894
fig04,N=10000000,eve_rate,0.55,200,10000000.0,0.0,0.0,9898326.0,0.0,0.0,0.010167399999999998,1.739076615759774e-18,2.4102372212931086e-19,19027.405,107.63735399420767,14.917776171983107,0.026118767705219967,0.0024577855864298228,0.00034063170355394827,0.9956140765289619,2.2019723035414957e-05,3.0517779137255426e-06,0.18894208879360008,0.00010894773103646868,1.5099385164511915e-05,935134.105,799.14656360747,110.75606304059865,0.15207898029755257,0.0003778796102072648,5.23714420305385e-05,0.15188426960259352,0.0012840378599107403,0.0001779585680964567,0.0,0.0,0.0,0.0,0.0,0.0,0.0,0.0,0.0,0.0,0.0,0.0,0.0,0.018846005918320894
fig04,N=10000000,eve_rate,0.575,200,10000000.0,0.0,0.0,9898326.0,0.0,0.0,0.010167399999999998,1.739076615759774e-18,2.4102372212931086e-19,19030.545,110.1976204496441,15.27261099935068,0.025942006135195914,0.00228301179313459,0.0003164092916090483,0.9956158830370981,1.9891041987215032e-05,2.7567577721091137e-06,0.18893941712972478,0.00012727157633553386,1.7638940557114834e-05,935095.985,932.0440091271166,129.1747092867438,0.15804728660320705,0.000394624757212144,5.469220100236518e-05,0.15803293569009466,0.0012054772435708945,0.0001670706221650292,0.0,0.0,0.0,0.0,0.0,0.0,0.0,0.0,0.0,0.0,0.0,0.0,0.0,0.018846005918320894
fig04,N=10000000,eve_rate,0.6,200,10000000.0,0.0,0.0,9898326.0,0.0,0.0,0.010167399999999998,1.739076615759774e-18,2.4102372212931086e-19,19027.96,113.3629755303976,15.711306831673644,0.02592372553391737,0.00228038799354144,0.00031604565153802924,0.9956157147462262,2.1007338250977846e-05,2.9114685410614125e-06,0.18894859292369234,0.00013514377356092422,1.8729971429133477e-05,935158.075,909.0900466618797,125.99345239394677,0.16406254783581556,0.0003655135705902526,5.0657596378494785e-05,0.16395845136830844,0.0011697303370714783,0.00016211635368656218,0.0,0.0,0.0,0.0,0.0,0.0,0.0,0.0,0.0,0.0,0.0,0.0,0.0,0.018846005918320894
