experiment,series,parameter,value,trials,num_slots_mean,num_slots_std,num_slots_ci95,key_slots_mean,key_slots_std,key_slots_ci95,sync_overhead_mean,sync_overhead_std,sync_overhead_ci95,sync_detections_mean,sync_detections_std,sync_detections_ci95,sync_rms_error_ns_mean,sync_rms_error_ns_std,sync_rms_error_ns_ci95,timing_capture_rate_mean,timing_capture_rate_std,timing_capture_rate_ci95,detection_rate_mean,detection_rate_std,detection_rate_ci95,sifted_bits_mean,sifted_bits_std,sifted_bits_ci95,qber_mean,qber_std,qber_ci95,qber_test_mean,qber_test_std,qber_test_ci95,accepted_mean,accepted_std,accepted_ci95,final_key_bits_mean,final_key_bits_std,final_key_bits_ci95,secret_key_rate_mean,secret_key_rate_std,secret_key_rate_ci95,asymptotic_key_rate_mean,asymptotic_key_rate_std,asymptotic_key_rate_ci95,accepted_wilson_low,accepted_wilson_high,pilot_overhead_pct
fig07,25 km,pilot_spacing_slots,1000,8,100000000.0,0.0,0.0,99898311.0,0.0,0.0,0.00101689,0.0,0.0,18993.5,70.89227239773236,49.12583841523724,0.1052783544020747,0.0017352574969499825,0.0012024720963341648,0.9937675271602178,7.024988962717118e-05,4.868068986631965e-05,0.188574977508879,3.338159460938438e-05,2.313226487681367e-05,9420135.375,3287.3121429216303,2277.9910939740303,0.020109875772213813,4.8237134422114254e-05,3.3426628757786337e-05,0.020077729257559504,0.00015203621739904875,0.00010535572350264313,1.0,0.0,0.0,5636371.125,15394.781624558926,10668.039391979435,0.056363711250000004,0.00015394781624559017,0.00010668039391979499,0.06529632788926892,5.98805175882493e-05,4.1495081646659175e-05,0.6755843804891231,1.0,0.1
fig07,25 km,pilot_spacing_slots,300,8,100000000.0,0.0,0.0,99664982.0,0.0,0.0,0.00335018,0.0,0.0,63380.75,205.9734726331802,142.7323344585942,0.06507034747443823,0.0008905058255213769,0.0006170890537540443,0.9950289771942908,1.9630906713848954e-05,1.3603524313039057e-05,0.1888635493858816,3.721682189994059e-05,2.5789941796866798e-05,9410573.75,2398.9652382403783,1662.3980960347615,0.020101759106218288,5.402712162169593e-05,3.74388851853577e-05,0.020120433801408783,0.00011801956028268376,8.178338276076941e-05,1.0,0.0,0.0,5626268.25,11410.265425108593,7906.910536088036,0.0562626825,0.00011410265425108628,7.90691053608806e-05,0.06523930043214177,5.807927683491565e-05,4.0246885486452026e-05,0.6755843804891231,1.0,0.3333333333333333
fig07,25 km,pilot_spacing_slots,100,8,100000000.0,0.0,0.0,98998326.0,0.0,0.0,0.01001674,0.0,0.0,189647.25,302.1625626806112,209.38797315032204,0.043531848895548356,0.0008174543481508379,0.0005664669626301286,0.9954214472058419,1.1743267554146758e-05,8.137669238408631e-06,0.1889177626094405,5.082959819317539e-05,3.5223114496034166e-05,9350945.5,3892.443558632913,2697.325770981325,0.020113950665235712,4.3142108262875317e-05,2.989595576121605e-05,0.020084733849031693,0.00011749455579568635,8.141957321251836e-05,1.0,0.0,0.0,5593408.25,12264.259511162623,8498.69824524321,0.055934082499999996,0.00012264259511162446,8.498698245243085e-05,0.06481212560486613,6.764861176765937e-05,4.6878096276392655e-05,0.6755843804891231,1.0,1.0
fig07,25 km,pilot_spacing_slots,30,8,100000000.0,0.0,0.0,96665033.0,0.0,0.0,0.03334967,0.0,0.0,633060.375,887.1458146373524,614.760685002709,0.027615205582465947,0.0003145349002181141,0.00021796156564678125,0.9956044996290111,2.7632499797900376e-06,1.9148345428466632e-06,0.18893058128889273,5.581970939301447e-05,3.868108513494969e-05,9132167.5,2489.6318718121474,1725.2268676321964,0.02011746902609852,4.4484744738006585e-05,3.08263553703251e-05,0.020230389124416277,0.00012667034306454227,8.777806938504091e-05,1.0,0.0,0.0,5445735.25,11781.258527848373,8163.995640034356,0.0544573525,0.00011781258527848527,8.163995640034464e-05,0.06329185529145641,4.715636355843847e-05,3.267769275930463e-05,0.6755843804891231,1.0,3.3333333333333335
fig07,25 km,pilot_spacing_slots,10,8,100000000.0,0.0,0.0,89998479.0,0.0,0.0,0.10001521,0.0,0.0,1896721.625,1277.8537740512968,885.5074876165643,0.01829955750667881,0.00019835218049911305,0.00013745104845617968,0.9956724748814763,1.1481722959474259e-06,7.956428081062533e-07,0.18893638052483086,3.460530279887396e-05,2.3980251388615634e-05,8502910.0,1924.036382192395,1333.2891896359167,0.020097640702729618,6.785681081112753e-05,4.702237085275608e-05,0.020054437593657486,0.00020516935190585282,0.00014217510722379207,1.0,0.0,0.0,5078476.875,18148.36259782526,12576.173655147457,0.05078476875,0.00018148362597825306,0.00012576173655147487,0.05895113572549283,7.724596824292954e-05,5.352872500461826e-05,0.6755843804891231,1.0,10.0
fig07,75 km,pilot_spacing_slots,1000,8,100000000.0,0.0,0.0,99883146.0,0.0,0.0,0.00116854,0.0,0.0,1981.875,40.09074528046164,27.78146909362426,0.28317598245875675,0.008589224827087499,0.005952029137962033,0.9719665226630156,0.0019586359831108993,0.0013572654898230231,0.018486583562355954,3.833920534919407e-05,2.6567713845964305e-05,923083.0,1969.9216083025087,1365.0860290838814,0.02112059799357052,0.00011055704972290023,7.661212677570024e-05,0.021309551643479557,0.00044830290869076454,0.00031065806622567534,1.0,0.0,0.0,492931.5,5058.750805711397,3505.535459070411,0.004929315,5.058750805711399e-05,3.5055354590704125e-05,0.006286159672748242,1.5029724321207664e-05,1.0415067587152512e-05,0.6755843804891231,1.0,0.1
fig07,75 km,pilot_spacing_slots,300,8,100000000.0,0.0,0.0,99649852.0,0.0,0.0,0.00350148,0.0,0.0,6367.875,83.1254430707848,57.602993194798465,0.16218050509818915,0.005872694060894216,0.004069569358406419,0.9903507074774323,0.0005359456838091665,0.0003713914108217404,0.018826140604804913,1.644525530983783e-05,1.1395980516971798e-05,937308.25,1234.7383470655982,855.6300210371301,0.02104536022829182,0.00015208797459457464,0.00010539158940929606,0.021106528568738372,0.0004491500393939943,0.0003112450978531843,1.0,0.0,0.0,502923.0,3782.0224370415513,2620.807837595118,0.00502923,3.7820224370415416e-05,2.6208078375951115e-05,0.00639146527073433,1.1205268762386395e-05,7.764855096363189e-06,0.6755843804891231,1.0,0.3333333333333333
fig07,75 km,pilot_spacing_slots,100,8,100000000.0,0.0,0.0,98983298.0,0.0,0.0,0.01016702,0.0,0.0,19051.0,153.89978186190797,106.64710779013184,0.10427748704170411,0.001093441209271605,0.0007577161000266752,0.9938088218255703,4.1415069419060245e-05,2.8699178900938525e-05,0.018898558269901253,1.1850340690996341e-05,8.2118671367349e-06,935308.125,569.1094390110118,394.3727206907192,0.020925438304442705,0.00010034200923848884,6.953346486701028e-05,0.020729572532196452,0.0003716075089644735,0.0002575108657380475,1.0,0.0,0.0,505303.625,3279.2946949654543,2272.4352859927603,0.00505303625,3.2792946949654426e-05,2.2724352859927524e-05,0.006391263882252051,1.0534314225782185e-05,7.299907323716488e-06,0.6755843804891231,1.0,1.0
fig07,75 km,pilot_spacing_slots,30,8,100000000.0,0.0,0.0,96650359.0,0.0,0.0,0.03349641,0.0,0.0,63464.125,257.87230366985904,178.69638951305086,0.06578058580272268,0.0011554468669221704,0.0008006838286033887,0.9950132675273562,2.6121360648787723e-05,1.8101179423605688e-05,0.01892275821758717,1.3340776925305231e-05,9.24468675357674e-06,914160.875,1386.8929753228979,961.067799078192,0.021037138726125892,0.00016526940131915538,0.00011452585210750739,0.02109573690345443,0.0003375938257714553,0.00023394058581991173,1.0,0.0,0.0,489788.25,3151.6333067157416,2183.9704573322415,0.0048978825,3.1516333067157324e-05,2.1839704573322346e-05,0.006234551410690761,2.344306314236311e-05,1.624521394135438e-05,0.6755843804891231,1.0,3.3333333333333335
fig07,75 km,pilot_spacing_slots,10,8,100000000.0,0.0,0.0,89984817.0,0.0,0.0,0.10015183,0.0,0.0,189806.875,497.8698732744187,345.0062202700119,0.04321760050381136,0.001116803634179131,0.0007739054345222069,0.9954258162294349,1.58186174794016e-05,1.0961742654907303e-05,0.018925978923755547,1.7483295412231205e-05,1.2115305608606813e-05,851430.125,544.1009458599702,377.0427190982475,0.021101734711483945,0.00019402408540675634,0.00013445183157454255,0.02128610109284077,0.0005408870748635859,0.0003748156201223534,1.0,0.0,0.0,452378.125,4556.0432218412625,3157.176876392103,0.00452378125,4.556043221841266e-05,3.157176876392106e-05,0.005800150777009426,2.1171399821415153e-05,1.467103157331563e-05,0.6755843804891231,1.0,10.0
fig07,125 km,pilot_spacing_slots,1000,8,100000000.0,0.0,0.0,99731513.0,0.0,0.0,0.00268487,0.0,0.0,259.5,12.569805089976535,8.710430528969278,738.272673563039,420.7179952195281,291.54269643919906,0.10781161755005872,0.12247190516495055,0.08486870035403284,0.0002443711046477356,0.00023243091134094202,0.00016106640409521833,12176.625,11589.197691169134,8030.904270418431,0.1548085100131937,0.09070991125708475,0.06285876150330028,0.15240068586458305,0.08693901965853384,0.060245666943254644,0.125,0.3535533905932738,0.24499999999999997,595.875,1685.389012958136,1167.9149999999997,5.95875e-06,1.6853890129581364e-05,1.1679150000000003e-05,2.3897047822750844e-05,5.474428455950306e-05,3.793585374636601e-05,0.02241690886329617,0.4708948057698615,0.1
fig07,125 km,pilot_spacing_slots,300,8,100000000.0,0.0,0.0,99498573.0,0.0,0.0,0.00501427,0.0,0.0,697.5,38.489330618089106,26.67174534971418,826.188670862693,757.3336299956304,524.8054304827232,0.35576065251346123,0.2733419272693205,0.18941629174764182,0.000715613278192442,0.000518008674910941,0.00035896169780812447,35566.25,25813.714459842577,17887.991491324563,0.06318919765259365,0.03243718572433556,0.02247782290851944,0.06325711806969314,0.033117564129356576,0.022949301088803425,0.5,0.5345224838248488,0.37040518354904267,6117.0,9413.65228955114,6523.328222280402,6.117e-05,9.413652289551142e-05,6.523328222280404e-05,0.00015281654374494936,0.0001687918841943875,0.00011696680820464369,0.21521252682444186,0.7847874731755582,0.3333333333333333
fig07,125 km,pilot_spacing_slots,100,8,100000000.0,0.0,0.0,98833031.0,0.0,0.0,0.01166969,0.0,0.0,1945.625,59.75649994531378,41.409141804678825,11.68428251538258,17.854014976932113,12.37220116036298,0.8769858061671141,0.12067036360504446,0.08362029574550583,0.0017029440794950426,0.00022700251051553422,0.0001573047142412667,84219.375,11261.768142544428,7804.0071693089185,0.03147431557613373,0.001698011900618208,0.0011766622148733409,0.031520246609349004,0.002906998072711984,0.002014446889108651,1.0,0.0,0.0,25680.625,5541.400001997948,3839.9942883062986,0.00025680625,5.5414000019979476e-05,3.8399942883062984e-05,0.0004768326230306664,7.547208307256591e-05,5.229948529626808e-05,0.6755843804891231,1.0,1.0
fig07,125 km,pilot_spacing_slots,30,8,100000000.0,0.0,0.0,96503633.0,0.0,0.0,0.03496367,0.0,0.0,6375.625,66.21164658016853,45.88233020455696,0.16832566564636658,0.005152968702879107,0.0035708251307869066,0.9897208801575318,0.0004471896559765781,0.0003098866214531673,0.0019166247347392612,4.9720082034761615e-06,3.4454259024572744e-06,92370.625,293.5793577309452,203.44011557458376,0.030188949549839094,0.0005588388003133011,0.00038725553118585624,0.030133830609939287,0.0012119712337538568,0.0008398532164305708,1.0,0.0,0.0,29743.25,888.517826816901,615.7114409364178,0.0002974325,8.885178268169014e-06,6.15711440936418e-06,0.00053397347942722,5.2083887283391195e-06,3.6092292490868863e-06,0.6755843804891231,1.0,3.3333333333333335
fig07,125 km,pilot_spacing_slots,10,8,100000000.0,0.0,0.0,89848210.0,0.0,0.0,0.1015179,0.0,0.0,18979.75,155.6155978226935,107.8361075892486,0.10737531801797223,0.003168163695164282,0.0021954254321044997,0.9936797476585186,0.00013623297567010465,9.440463569920187e-05,0.0019246738471473165,3.923482527014914e-06,2.7188346787047936e-06,86378.875,434.9188553216401,301.3833904265462,0.029536912179637033,0.0005321121932840326,0.00036873493741872257,0.030117284248128005,0.0024530677866876037,0.001699889249343538,1.0,0.0,0.0,27347.625,1841.7284534992045,1276.2527050020306,0.00027347625,1.8417284534992044e-05,1.2762527050020303e-05,0.0005054492134804695,5.511302700807257e-06,3.8191379226542945e-06,0.6755843804891231,1.0,10.0
