experiment,series,parameter,value,trials,num_slots_mean,num_slots_std,num_slots_ci95,key_slots_mean,key_slots_std,key_slots_ci95,sync_overhead_mean,sync_overhead_std,sync_overhead_ci95,sync_detections_mean,sync_detections_std,sync_detections_ci95,sync_rms_error_ns_mean,sync_rms_error_ns_std,sync_rms_error_ns_ci95,timing_capture_rate_mean,timing_capture_rate_std,timing_capture_rate_ci95,detection_rate_mean,detection_rate_std,detection_rate_ci95,sifted_bits_mean,sifted_bits_std,sifted_bits_ci95,qber_mean,qber_std,qber_ci95,qber_test_mean,qber_test_std,qber_test_ci95,accepted_mean,accepted_std,accepted_ci95,final_key_bits_mean,final_key_bits_std,final_key_bits_ci95,secret_key_rate_mean,secret_key_rate_std,secret_key_rate_ci95,asymptotic_key_rate_mean,asymptotic_key_rate_std,asymptotic_key_rate_ci95,accepted_wilson_low,accepted_wilson_high,ideal_secret_key_rate
fig09a,jitter=0.05,detector_window_ns,0.5,4,100000000.0,0.0,0.0,98833031.0,0.0,0.0,0.01166969,0.0,0.0,1978.0,31.706991868250974,31.072852030885954,0.035270672632200725,0.0015583007060012322,0.0015271346918812076,0.999839566929651,0.00011801903895017236,0.00011565865817116892,0.0019063135886220064,2.056955499902049e-06,2.015816389904008e-06,94066.75,213.27662006574153,209.0110876644267,0.022781737413512453,0.0005828117607994173,0.0005711555255834289,0.024021746809062258,0.0019406475816381946,0.0019018346300054307,1.0,0.0,0.0,35366.0,1538.8952747561045,1508.1173692609825,0.00035366,1.538895274756105e-05,1.5081173692609829e-05,0.0006221193586376041,6.639760176292037e-06,6.5069649727661965e-06,0.5100999795960008,1.0,
fig09a,jitter=0.05,detector_window_ns,0.75,4,100000000.0,0.0,0.0,98833031.0,0.0,0.0,0.01166969,0.0,0.0,1972.5,79.31582439841371,77.72950791044543,0.03510607972743811,0.0015959001766051991,0.0015639821730730951,0.9999999123384113,1.61540092260898e-07,1.5830929041568003e-07,0.001915025251021594,3.832425912189179e-06,3.7557773939453952e-06,94720.75,300.09595687601876,294.0940377384984,0.02386651300703959,0.0004996179438010584,0.0004896255849250373,0.025046660875810103,0.00020758410175668437,0.00020343241972155067,1.0,0.0,0.0,34809.25,304.7144838478583,298.62019417090113,0.0003480925,3.0471448384785887e-06,2.986201941709017e-06,0.0006144695951380224,3.948064224039158e-06,3.869102939558375e-06,0.5100999795960008,1.0,
fig09a,jitter=0.05,detector_window_ns,1.0,4,100000000.0,0.0,0.0,98833031.0,0.0,0.0,0.01166969,0.0,0.0,1937.75,45.5878273226527,44.676070776199644,0.03660502360160744,0.0020970565855483484,0.0020551154538373815,0.9999999997666331,4.233369691046231e-10,4.148702297225306e-10,0.0019175471811645642,2.531554985178374e-06,2.4809238854748064e-06,94690.75,211.65124615744648,207.41822123429753,0.02517383249239419,0.0004203957246469016,0.0004119878101539636,0.024263265431850707,0.0016037283117441804,0.0015716537455092968,1.0,0.0,0.0,35453.25,1381.336641324868,1353.7099084983706,0.0003545325,1.3813366413248682e-05,1.3537099084983709e-05,0.0006000701221593257,4.314899254982358e-06,4.228601269882711e-06,0.5100999795960008,1.0,
fig09a,jitter=0.05,detector_window_ns,1.5,4,100000000.0,0.0,0.0,98833031.0,0.0,0.0,0.01166969,0.0,0.0,1979.5,30.795021242618642,30.179120817766268,0.03668068218150489,0.0023333031672624176,0.0022866371039171694,1.0,0.0,0.0,0.0019268482214210348,3.525645788222037e-06,3.455132872457596e-06,95134.5,174.65871483171594,171.16554053508162,0.027663976066871272,0.00039485287388164555,0.0003869558164040126,0.029169681176322817,0.001630102271257428,0.0015975002258322795,1.0,0.0,0.0,31643.0,1373.895435128404,1346.4175264258358,0.00031643000000000003,1.3738954351284037e-05,1.3464175264258356e-05,0.0005762585462762464,5.174321316679573e-06,5.0708348903459816e-06,0.5100999795960008,1.0,
fig09a,jitter=0.05,detector_window_ns,2.0,4,100000000.0,0.0,0.0,98833031.0,0.0,0.0,0.01166969,0.0,0.0,1952.75,1.8929694486000912,1.8551100596280894,0.03673231286409598,0.0024989320072985716,0.0024489533671526002,1.0,0.0,0.0,0.0019377782717197047,2.594196241687804e-06,2.542312316854048e-06,95831.0,198.6470907581248,194.6741489429623,0.029734290352799037,0.0005229443210082149,0.0005124854345880506,0.030205425738333323,0.0034487237939121724,0.003379749318033929,1.0,0.0,0.0,31120.0,2723.751212329545,2669.276188082954,0.0003112,2.7237512123295438e-05,2.6692761880829528e-05,0.0005586975283131959,5.0601483969076626e-06,4.958945428969509e-06,0.5100999795960008,1.0,
fig09a,jitter=0.05,detector_window_ns,3.0,4,100000000.0,0.0,0.0,98833031.0,0.0,0.0,0.01166969,0.0,0.0,1953.5,23.101226518664905,22.639201988291607,0.036895865366677986,0.0012805583702616339,0.0012549472028564011,1.0,0.0,0.0,0.001955828917156249,1.7653165283227618e-06,1.7300101977563066e-06,96676.5,98.9595877113481,96.98039595712115,0.034853406078106684,0.00018558322939962114,0.0001818715648116287,0.0366170093316502,0.002795456487492858,0.0027395473577430008,1.0,0.0,0.0,26405.75,2156.8238028792866,2113.687326821701,0.0002640575,2.1568238028792854e-05,2.1136873268216998e-05,0.000511169293214532,2.1120374943444452e-06,2.0697967444575563e-06,0.5100999795960008,1.0,
fig09a,jitter=0.05,detector_window_ns,4.0,4,100000000.0,0.0,0.0,98833031.0,0.0,0.0,0.01166969,0.0,0.0,1958.5,51.05878964487897,50.03761385198139,0.03653382405915621,0.0030880241541748296,0.003026263671091333,1.0,0.0,0.0,0.0019768466880267996,1.7885897426323177e-06,1.7528179477796713e-06,97663.0,102.26762276823817,100.2222703128734,0.039093421677155904,0.0005316393223536156,0.0005210065359065433,0.037883537329243,0.0015385438594919833,0.0015077729823021436,1.0,0.0,0.0,25762.75,1180.4073802435043,1156.7992326386343,0.0002576275,1.1804073802435055e-05,1.1567992326386353e-05,0.0004743175951287721,4.976338908873195e-06,4.876812130695731e-06,0.5100999795960008,1.0,
fig09a,jitter=0.05,detector_window_ns,6.0,4,100000000.0,0.0,0.0,98833031.0,0.0,0.0,0.01166969,0.0,0.0,1920.75,43.980109140383,43.10050695757534,0.038077820292096595,0.0009551511447766706,0.0009360481218811371,1.0,0.0,0.0,0.0020156014440152097,4.736210181111562e-06,4.641485977489331e-06,99599.5,405.87888176975486,397.76130413435976,0.04849410935207131,0.0002734414735584733,0.0002679726440873038,0.048115449196665466,0.0010691056978043409,0.001047723583848254,1.0,0.0,0.0,18666.5,763.1642461925654,747.9009612687141,0.000186665,7.631642461925652e-06,7.479009612687138e-06,0.00039369279971555307,2.803378588797514e-06,2.7473110170215637e-06,0.5100999795960008,1.0,
fig09a,jitter=0.1,detector_window_ns,0.5,4,100000000.0,0.0,0.0,98833031.0,0.0,0.0,0.01166969,0.0,0.0,1934.75,13.671747023210555,13.398312082746344,0.058402293614551494,0.002338025440597069,0.0022912649317851277,0.968704525645433,0.0018619182527940723,0.0018246798877381907,0.001849265353401941,8.416967294633442e-06,8.248627948740774e-06,91117.5,414.4799954963649,406.1903955864376,0.022702648655053524,0.0004403404068495632,0.00043153359871257193,0.021757644143520136,0.0008446333417725067,0.0008277406749370565,1.0,0.0,0.0,35832.25,796.007694686427,780.0875407926985,0.00035832249999999996,7.96007694686426e-06,7.800875407926975e-06,0.0006034640616623897,7.084604288353765e-06,6.94291220258669e-06,0.5100999795960008,1.0,
fig09a,jitter=0.1,detector_window_ns,0.75,4,100000000.0,0.0,0.0,98833031.0,0.0,0.0,0.01166969,0.0,0.0,1979.75,70.38169743145822,68.97406348282905,0.056560745389132513,0.004089087513622335,0.004007305763349888,0.9987452952233129,0.00029088165838456756,0.0002850640252168762,0.0019116837568201263,3.174931922219013e-06,3.1114332837746325e-06,94399.75,264.824942178791,259.5284433352152,0.023439620040855272,0.00042787517333001145,0.0004193176698634112,0.02404509342083616,0.0009887418041029104,0.0009689669680208521,1.0,0.0,0.0,35494.5,812.0334557968246,795.7927866808881,0.00035494499999999996,8.120334557968247e-06,7.957927866808882e-06,0.00061706077496953,3.78722427818441e-06,3.7114797926207218e-06,0.5100999795960008,1.0,
fig09a,jitter=0.1,detector_window_ns,1.0,4,100000000.0,0.0,0.0,98833031.0,0.0,0.0,0.01166969,0.0,0.0,1924.0,38.704004960727254,37.92992486151271,0.05717683199288884,0.0017276821630488955,0.0016931285197879175,0.9999738084449741,1.3518212380173332e-05,1.3247848132569865e-05,0.0019148330076004653,2.1049223339268196e-06,2.062823887248283e-06,94623.25,96.26136296562603,94.33613570631351,0.02488031821177518,0.0003470845169347824,0.00034014282659608675,0.024807445342836874,0.001789016958639295,0.001753236619466509,1.0,0.0,0.0,34970.0,1438.8692319549637,1410.0918473158642,0.0003497,1.4388692319549634e-05,1.410091847315864e-05,0.0006028127808088631,3.956780606616729e-06,3.877644994484395e-06,0.5100999795960008,1.0,
fig09a,jitter=0.1,detector_window_ns,1.5,4,100000000.0,0.0,0.0,98833031.0,0.0,0.0,0.01166969,0.0,0.0,1945.5,34.62657938636157,33.93404779863434,0.05893589049816913,0.0032984768809102183,0.003232507343292014,0.9999999815007721,3.677873391636287e-08,3.6043159238035616e-08,0.0019333946158142212,2.348256356008211e-06,2.3012912288880465e-06,95456.0,107.96604404472114,105.80672316382672,0.027627397896458097,0.0007863925721007029,0.0007706647206586888,0.02752603513163894,0.0016829409734314652,0.001649282153962836,1.0,0.0,0.0,33107.75,1422.582481498583,1394.1308318686115,0.0003310775,1.422582481498584e-05,1.3941308318686123e-05,0.0005786018412653684,7.854149355922932e-06,7.697066368804472e-06,0.5100999795960008,1.0,
fig09a,jitter=0.1,detector_window_ns,2.0,4,100000000.0,0.0,0.0,98833031.0,0.0,0.0,0.01166969,0.0,0.0,1939.5,60.93986106537056,59.721063844063146,0.05592744826668513,0.0017420088642850526,0.0017071686869993515,0.9999999999999999,1.6958936828758672e-16,1.6619758092183498e-16,0.0019387040755635635,5.236948441148683e-06,5.132209472325709e-06,95688.75,443.4090474193477,434.54086647096074,0.030202147436463198,0.00018209141053075994,0.00017844958232014475,0.029234593376216474,0.0009493576086130149,0.0009303704564407546,1.0,0.0,0.0,31815.75,804.2894897568495,788.2036999617126,0.0003181575,8.042894897568484e-06,7.882036999617114e-06,0.0005530121027718746,3.3203480859975097e-06,3.2539411242775595e-06,0.5100999795960008,1.0,
fig09a,jitter=0.1,detector_window_ns,3.0,4,100000000.0,0.0,0.0,98833031.0,0.0,0.0,0.01166969,0.0,0.0,1979.5,68.8210239195359,67.44460344114519,0.0566460545509679,0.004800352055734859,0.004704345014620162,1.0,0.0,0.0,0.0019560262196147765,3.883135550171021e-06,3.8054728391676004e-06,96597.25,379.1432227184515,371.5603582640825,0.03480451608885033,0.0003371067394079417,0.0003303646046197829,0.035715480039218525,0.0011446823769527938,0.0011217887294137378,1.0,0.0,0.0,27058.75,945.5715643637627,926.6601330764875,0.0002705875,9.455715643637634e-06,9.266601330764882e-06,0.000511243387833971,4.288781510409472e-06,4.2030058802012825e-06,0.5100999795960008,1.0,
fig09a,jitter=0.1,detector_window_ns,4.0,4,100000000.0,0.0,0.0,98833031.0,0.0,0.0,0.01166969,0.0,0.0,1970.75,45.89389937671455,44.97602138918026,0.05966639001242005,0.002436119189270234,0.0023873968054848294,1.0,0.0,0.0,0.001977514480963353,4.065765733510178e-06,3.984450418839975e-06,97876.5,257.30720938209254,252.16106519445069,0.03927583502668648,0.00035800510260971695,0.0003508450005575226,0.03859483903929315,0.0013071114650293684,0.001280969235728781,1.0,0.0,0.0,25288.75,1060.4757973035814,1039.2662813575098,0.0002528875,1.0604757973035806e-05,1.039266281357509e-05,0.0004735647064511416,2.259724489711412e-06,2.2145299999171836e-06,0.5100999795960008,1.0,
fig09a,jitter=0.1,detector_window_ns,6.0,4,100000000.0,0.0,0.0,98833031.0,0.0,0.0,0.01166969,0.0,0.0,2007.5,18.59211302317912,18.220270762715536,0.058557266918351884,0.0015045683278995855,0.0014744769613415937,1.0,0.0,0.0,0.0020117591051113264,4.963321356626206e-06,4.864054929493681e-06,99352.0,203.16331689882733,199.10005056085078,0.04826959133418328,0.0007155447083672233,0.0007012338141998789,0.05029815422729034,0.0005042230352727748,0.0004941385745673193,1.0,0.0,0.0,17017.0,366.02550002242555,358.70499002197704,0.00017017,3.6602550002242517e-06,3.587049900219767e-06,0.00039479084430880376,6.113885679447859e-06,5.991607965858901e-06,0.5100999795960008,1.0,
fig09a,jitter=0.2,detector_window_ns,0.5,4,100000000.0,0.0,0.0,98833031.0,0.0,0.0,0.01166969,0.0,0.0,1957.5,15.588457268119896,15.276688122757498,0.09666353089803907,0.0031448114769104716,0.003081915247372262,0.7403076762809108,0.0027965815302086424,0.0027406498996044694,0.0014137404123526272,5.781954491149352e-06,5.666315401326365e-06,69842.0,367.7888887210524,360.43311094663136,0.02346406821036672,0.00022351864628146698,0.00021904827335583765,0.023447266621143863,0.0017025455756953215,0.001668494664181415,1.0,0.0,0.0,24707.25,1111.1199680202553,1088.89756865985,0.0002470725,1.1111199680202553e-05,1.0888975686598502e-05,0.0004563394679842293,3.5892462937133326e-06,3.5174613678390657e-06,0.5100999795960008,1.0,
fig09a,jitter=0.2,detector_window_ns,0.75,4,100000000.0,0.0,0.0,98833031.0,0.0,0.0,0.01166969,0.0,0.0,1963.5,19.77371993328519,19.378245534619484,0.09704319397950026,0.00167285902521161,0.0016394018447073778,0.9084386288962116,0.0009953652771756965,0.0009754579716321825,0.0017379564125681829,7.70015185291768e-06,7.546148815859327e-06,85857.25,166.0629900569861,162.7417302558464,0.024672603766723207,0.0006437036693328485,0.0006308295959461916,0.02425581113353847,0.0018806272936128315,0.0018430147477405748,1.0,0.0,0.0,31415.75,1455.7768544663704,1426.661317377043,0.0003141575,1.4557768544663705e-05,1.426661317377043e-05,0.0005490285566629889,7.304850692871274e-06,7.158753679013848e-06,0.5100999795960008,1.0,
fig09a,jitter=0.2,detector_window_ns,1.0,4,100000000.0,0.0,0.0,98833031.0,0.0,0.0,0.01166969,0.0,0.0,2004.5,27.79088579612628,27.235068080203753,0.09780867288546412,0.0041176824934851235,0.004035328843615421,0.9751267860014852,0.0011520066782032936,0.0011289665446392277,0.0018692359035310776,7.53877999186023e-06,7.388004392023026e-06,92434.75,506.8282911072217,496.6917252850772,0.024846721226950925,0.000471542364801494,0.0004621115175054641,0.025049454462794614,0.0017195951724593634,0.001685203269010176,1.0,0.0,0.0,33785.0,1590.4607298934902,1558.6515152956204,0.00033785,1.5904607298934904e-05,1.5586515152956205e-05,0.0005892238650734903,5.142113166721077e-06,5.039270903386655e-06,0.5100999795960008,1.0,
fig09a,jitter=0.2,detector_window_ns,1.5,4,100000000.0,0.0,0.0,98833031.0,0.0,0.0,0.01166969,0.0,0.0,1950.0,46.776062254106,45.84054100902388,0.09281152574241347,0.006006963618458971,0.005886824346089792,0.9993139627998953,0.00011167061997810971,0.00010943720757854752,0.0019221357280846721,3.6652996531922292e-06,3.5919936601283847e-06,94917.0,178.47875690587568,174.90918176775816,0.027658605626062073,0.00046015368574201405,0.00045095061202717377,0.027366175960674782,0.0009597220964026273,0.0009405276544745747,1.0,0.0,0.0,32999.5,835.1536784728105,818.4506049033542,0.000329995,8.351536784728092e-06,8.18450604903353e-06,0.0005749969802390164,5.320301213204906e-06,5.213895188940808e-06,0.5100999795960008,1.0,
fig09a,jitter=0.2,detector_window_ns,2.0,4,100000000.0,0.0,0.0,98833031.0,0.0,0.0,0.01166969,0.0,0.0,1936.25,38.65553000542096,37.88241940531254,0.0949569884303276,0.004453999468824556,0.004364919479448065,0.9999909885719266,3.607298379535912e-06,3.535152411945194e-06,0.00194063915736835,2.7893408449983813e-06,2.7335540280984134e-06,95910.0,296.58837918345125,290.6566115997822,0.0303128227341176,0.001131738415812386,0.0011091036474961383,0.03114960242723414,0.0018327661217568904,0.0017961107993217525,1.0,0.0,0.0,30380.5,1499.3501925834405,1469.3631887317717,0.00030380500000000004,1.4993501925834395e-05,1.4693631887317706e-05,0.000553196489541522,1.2192420433170666e-05,1.1948572024507251e-05,0.5100999795960008,1.0,
fig09a,jitter=0.2,detector_window_ns,3.0,4,100000000.0,0.0,0.0,98833031.0,0.0,0.0,0.01166969,0.0,0.0,1981.75,25.785978101803053,25.270258539766992,0.09572917907439309,0.0071384451301534126,0.006995676227550344,0.9999999929933432,1.396603530595265e-08,1.3686714599833596e-08,0.001956099575657049,1.8056795202913871e-06,1.7695659298855593e-06,96829.0,256.62293999822646,251.49048119826193,0.03455057544372883,0.00013368042229856283,0.00013100681385259157,0.033586107262769956,0.0018803200383253652,0.0018427136375588579,1.0,0.0,0.0,28807.25,1403.8825627523122,1375.804911497266,0.0002880725,1.4038825627523131e-05,1.3758049114972668e-05,0.0005150131316273886,1.8266990139014698e-06,1.7901650336234403e-06,0.5100999795960008,1.0,
fig09a,jitter=0.2,detector_window_ns,4.0,4,100000000.0,0.0,0.0,98833031.0,0.0,0.0,0.01166969,0.0,0.0,1999.5,48.65182422068057,47.678787736266955,0.09446948140977354,0.004331700389276739,0.0042450663814912045,1.0,0.0,0.0,0.001975784290173191,5.614260531825761e-06,5.5019753211892455e-06,97611.25,373.074054310937,365.6125732247183,0.039731406896288575,0.0001470596886627126,0.00014411849488945834,0.0393644197903403,0.0008793925936596485,0.0008618047417864555,1.0,0.0,0.0,24609.25,705.6086616059453,691.4964883738263,0.0002460925,7.056086616059458e-06,6.9149648837382685e-06,0.00046786114916279136,1.739072170910504e-06,1.704290727492294e-06,0.5100999795960008,1.0,
fig09a,jitter=0.2,detector_window_ns,6.0,4,100000000.0,0.0,0.0,98833031.0,0.0,0.0,0.01166969,0.0,0.0,1940.0,44.098374875574116,43.216407378062634,0.09350694733472702,0.0031881219966404424,0.0031243595567076337,1.0,0.0,0.0,0.00201817649405086,1.9108880089008364e-06,1.8726702487228195e-06,99830.0,277.87887049336206,272.3212930834948,0.048108901625826525,0.0004892879753266357,0.000479502215820103,0.0475800813073145,0.002074890856195718,0.0020333930390718036,1.0,0.0,0.0,19128.5,1548.5437244930047,1517.5728500031446,0.00019128500000000002,1.548543724493005e-05,1.517572850003145e-05,0.00039817761079442214,4.250489669185524e-06,4.165479875801813e-06,0.5100999795960008,1.0,
fig09a,jitter=0.35,detector_window_ns,0.5,4,100000000.0,0.0,0.0,98833031.0,0.0,0.0,0.01166969,0.0,0.0,1969.5,31.458967984768137,30.829788625072773,0.14802444760109384,0.006678895375133154,0.006545317467630491,0.4902852559575672,0.002839322103753457,0.0027825356616783875,0.0009420610605375444,5.48308406347005e-06,5.3734223822006496e-06,46563.0,237.1469305444763,232.40399193358678,0.024933184540105388,0.0003162762174192951,0.00030995069307090923,0.02545211968372849,0.0017221241607490339,0.001687681677534053,1.0,0.0,0.0,13734.75,745.1766569076087,730.2731237694566,0.0001373475,7.451766569076098e-06,7.302731237694576e-06,0.0002963508705135636,1.363402156981373e-06,1.3361341138417455e-06,0.5100999795960008,1.0,
fig09a,jitter=0.35,detector_window_ns,0.75,4,100000000.0,0.0,0.0,98833031.0,0.0,0.0,0.01166969,0.0,0.0,1964.5,35.46359635833155,34.75432443116492,0.14506499335600354,0.007971095009255847,0.00781167310907073,0.6779978344954941,0.00395518844406611,0.003876084675184788,0.0013007468120652902,8.083361870496417e-06,7.921694633086488e-06,64298.25,489.7661857117809,479.9708619975453,0.025772223741631815,0.0006397478673990996,0.0006269529100511175,0.02811513056662309,0.001438964190074884,0.0014101849062733863,1.0,0.0,0.0,19679.75,913.167153373357,894.9038103058898,0.00019679750000000003,9.13167153373357e-06,8.949038103058898e-06,0.0004031192335361162,6.626321965709454e-06,6.493795526395265e-06,0.5100999795960008,1.0,
fig09a,jitter=0.35,detector_window_ns,1.0,4,100000000.0,0.0,0.0,98833031.0,0.0,0.0,0.01166969,0.0,0.0,1946.5,40.36913012026228,39.56174751785703,0.14927120167527558,0.003448673301040855,0.003379699835020038,0.8113235679957606,0.0013931511848870213,0.0013652881611892808,0.0015588285458937308,4.508041393760376e-06,4.417880565885168e-06,76964.75,337.3201990196654,330.57379503927206,0.02604128088464636,0.00017895696696916685,0.0001753778276297835,0.025792845647327034,0.0021575420240961037,0.0021143911836141818,1.0,0.0,0.0,26377.5,1499.2025658106825,1469.2185144944688,0.000263775,1.4992025658106837e-05,1.46921851449447e-05,0.0004801646559635221,2.8956868064312493e-06,2.8377730703026242e-06,0.5100999795960008,1.0,
fig09a,jitter=0.35,detector_window_ns,1.5,4,100000000.0,0.0,0.0,98833031.0,0.0,0.0,0.01166969,0.0,0.0,1971.25,35.92932878118748,35.210742205563726,0.15078548482821308,0.009372038270129212,0.009184597504726628,0.9508278785637112,0.0022238022169227094,0.002179326172584255,0.0018298082955687154,8.042511787058847e-06,7.88166155131767e-06,90452.0,381.35897349697524,373.73179402703573,0.027797664276915785,0.0005666485473013527,0.0005553155763553256,0.026861380115940338,0.0011975757230517463,0.0011736242085907114,1.0,0.0,0.0,31462.75,814.0746792115165,797.7931856272861,0.0003146275,8.140746792115165e-06,7.977931856272862e-06,0.0005465400011441634,3.754556029531812e-06,3.6794649089411754e-06,0.5100999795960008,1.0,
fig09a,jitter=0.35,detector_window_ns,2.0,4,100000000.0,0.0,0.0,98833031.0,0.0,0.0,0.01166969,0.0,0.0,1958.5,40.94304987825569,40.124188880690575,0.15298324411510672,0.013437774606194325,0.013169019114070438,0.9909617726898973,0.0009617621806470103,0.0009425269370340701,0.0019207040205010005,4.3890602171069456e-06,4.301279012764807e-06,95001.5,91.02563741422888,89.2051246659443,0.02965702037183282,0.0007315803997363771,0.0007169487917416496,0.030286567407169597,0.0024142553302152077,0.0023659702236109035,1.0,0.0,0.0,30703.5,1874.691352374216,1837.1975253267317,0.000307035,1.874691352374217e-05,1.8371975253267325e-05,0.0005546687433930493,7.170640589186653e-06,7.02722777740292e-06,0.5100999795960008,1.0,
fig09a,jitter=0.35,detector_window_ns,3.0,4,100000000.0,0.0,0.0,98833031.0,0.0,0.0,0.01166969,0.0,0.0,1919.5,34.77067730142742,34.07526375539887,0.14637796017155782,0.01059841008842066,0.010386441886652248,0.9999187356631977,1.7570697947894262e-05,1.7219283988936377e-05,0.0019563651751204514,8.22093629084438e-06,8.056517565027491e-06,96632.5,223.37039493481078,218.90298703611455,0.03504447896954423,0.0004479524318816644,0.00043899338324403106,0.03502493474748694,0.002132195133026429,0.0020895512303659007,1.0,0.0,0.0,27610.25,1597.8058653457665,1565.8497480388512,0.00027610250000000003,1.597805865345767e-05,1.5658497480388516e-05,0.0005090257361455542,3.5167986999418e-06,3.446462725942964e-06,0.5100999795960008,1.0,
fig09a,jitter=0.35,detector_window_ns,4.0,4,100000000.0,0.0,0.0,98833031.0,0.0,0.0,0.01166969,0.0,0.0,1961.75,67.38632403289756,66.03859755223961,0.14976122543376708,0.005531958706175895,0.005421319532052377,0.9999998281144195,1.9685415517428585e-08,1.9291707207080012e-08,0.0019761409523097596,3.4118472277933946e-06,3.3436102832375264e-06,97622.0,63.250823446550214,61.985806977619205,0.039563303463306214,0.0007824432504759988,0.0007667943854664788,0.03879467958797873,0.003500953836391334,0.003430934759663507,1.0,0.0,0.0,25069.75,2652.408009714946,2599.359849520647,0.0002506975,2.6524080097149452e-05,2.599359849520646e-05,0.0004695620502354141,7.598263469460795e-06,7.446298200071579e-06,0.5100999795960008,1.0,
fig09a,jitter=0.35,detector_window_ns,6.0,4,100000000.0,0.0,0.0,98833031.0,0.0,0.0,0.01166969,0.0,0.0,1973.25,56.97587208634897,55.83635464462199,0.14104717934693248,0.007251858058530318,0.0071068208973597115,0.999999999999998,1.3475991771396781e-15,1.3206471935968845e-15,0.0020133274067047485,5.83765494476342e-06,5.7209018458681516e-06,99624.75,469.5042598315802,460.1141746349486,0.048840445588272025,0.0008513271004508273,0.0008343005584418108,0.05020574862201362,0.002721033913954303,0.002666613235675217,1.0,0.0,0.0,17159.25,1909.6379019768817,1871.445143937344,0.0001715925,1.909637901976881e-05,1.8714451439373433e-05,0.00039061042163144276,7.852673483185877e-06,7.695620013522159e-06,0.5100999795960008,1.0,
fig09a,jitter=0.5,detector_window_ns,0.5,4,100000000.0,0.0,0.0,98833031.0,0.0,0.0,0.01166969,0.0,0.0,1962.5,59.270566050949775,58.08515472993078,0.19453590158470005,0.01488134426976388,0.014583717384368602,0.35892415228926433,0.0032686762723154435,0.0032033027468691346,0.0006916108846241901,6.9156134522706994e-06,6.777301183225285e-06,34086.0,359.5209775984335,352.33055804646483,0.025846406249567223,0.0007924738900424479,0.0007766244122415989,0.027860574246615706,0.0011418261627145936,0.0011189896394603017,1.0,0.0,0.0,8162.0,229.4631415572735,224.87387872612803,8.162e-05,2.2946314155727355e-06,2.248738787261281e-06,0.00021341377015546986,3.805885423832612e-06,3.7297677153559594e-06,0.5100999795960008,1.0,
fig09a,jitter=0.5,detector_window_ns,0.75,4,100000000.0,0.0,0.0,98833031.0,0.0,0.0,0.01166969,0.0,0.0,1995.25,18.679311193581704,18.30572496971007,0.1872198024485665,0.007804706594484774,0.0076486124625950785,0.5179552795639107,0.0019567662061884743,0.0019176308820647047,0.0009968479060406435,4.704085108541063e-06,4.610003406370241e-06,49262.5,224.37691503361035,219.88937673293813,0.027092706118719775,0.0011697513991075364,0.0011463563711253857,0.02775861927046888,0.002148729822076487,0.0021057552256349573,1.0,0.0,0.0,13891.75,895.3384369425154,877.431668203665,0.00013891750000000002,8.95338436942515e-06,8.774316682036647e-06,0.00030157046403150856,7.617153797950607e-06,7.464810721991595e-06,0.5100999795960008,1.0,
fig09a,jitter=0.5,detector_window_ns,1.0,4,100000000.0,0.0,0.0,98833031.0,0.0,0.0,0.01166969,0.0,0.0,1923.25,49.012753442343964,48.032498373497084,0.18681283838421983,0.022401892104327362,0.021953854262240814,0.6510396419891964,0.006830162781238993,0.006693559525614213,0.0012559389178300117,1.5922419617568964e-05,1.5603971225217586e-05,61929.25,662.713298996381,649.4590330164534,0.027417218915067584,0.0010941807088412723,0.001072297094664447,0.027704530672379483,0.0021085337300551844,0.0020663630554540804,1.0,0.0,0.0,18947.5,1311.41869744182,1285.1903234929837,0.000189475,1.3114186974418206e-05,1.285190323492984e-05,0.0003768660539012111,9.679196278524058e-06,9.485612352953576e-06,0.5100999795960008,1.0,
fig09a,jitter=0.5,detector_window_ns,1.5,4,100000000.0,0.0,0.0,98833031.0,0.0,0.0,0.01166969,0.0,0.0,1959.25,45.4706865280626,44.561272797501346,0.19074451167536938,0.01050609764982812,0.010295975696831558,0.8389561013620442,0.0029000572556320283,0.002842056110519388,0.0016223574080208064,1.001963441122922e-05,9.819241723004635e-06,80338.5,600.641046438442,588.6282255096731,0.028902043727684422,0.0006070183129354075,0.0005948779466766993,0.02862091738689275,0.0021301066866764346,0.002087504552942906,1.0,0.0,0.0,25912.5,1288.433803758139,1262.6651276829762,0.00025912499999999997,1.2884338037581388e-05,1.262665127682976e-05,0.0004756685082555172,5.835612262322276e-06,5.718900017075831e-06,0.5100999795960008,1.0,
fig09a,jitter=0.5,detector_window_ns,2.0,4,100000000.0,0.0,0.0,98833031.0,0.0,0.0,0.01166969,0.0,0.0,1961.75,43.88146913371672,43.003839751042385,0.18877594929839997,0.013529004620554683,0.01325842452814359,0.9385760509996214,0.00230096782333835,0.0022549484668715827,0.0018240511110096383,3.3481757781001735e-06,3.28121226253817e-06,90190.75,191.39030800957502,187.56250184938352,0.030405545007193835,0.00036418041901727154,0.0003568968106369261,0.030961248858487243,0.0020499600049077578,0.0020089608048096024,1.0,0.0,0.0,28246.75,1545.5996409161073,1514.687648097785,0.0002824675,1.545599640916107e-05,1.5146876480977847e-05,0.0005192646821351578,4.602886854058687e-06,4.5108291169775135e-06,0.5100999795960008,1.0,
fig09a,jitter=0.5,detector_window_ns,3.0,4,100000000.0,0.0,0.0,98833031.0,0.0,0.0,0.01166969,0.0,0.0,1959.75,20.36950334855189,19.96211328158085,0.19402031838347095,0.013522066925613974,0.013251625587101693,0.9947919116630538,0.0004254360098725277,0.00041692728967507715,0.0019502993892800882,4.4111170262246345e-06,4.322894685700142e-06,96260.0,221.17715373277895,216.75361065812336,0.03435219106859625,0.00040385303817984326,0.00039577597741624637,0.03295573235128809,0.002116997836476014,0.0020746578797464937,1.0,0.0,0.0,29091.0,1673.6706167383513,1640.1972044035842,0.00029091,1.6736706167383527e-05,1.6401972044035857e-05,0.0005139745794394246,4.067804442482904e-06,3.986448353633245e-06,0.5100999795960008,1.0,
fig09a,jitter=0.5,detector_window_ns,4.0,4,100000000.0,0.0,0.0,98833031.0,0.0,0.0,0.01166969,0.0,0.0,1959.25,66.48997418157617,65.16017469794465,0.18905097793533554,0.0034748130875780566,0.0034053168258264955,0.9998141402810595,6.8028677327941865e-06,6.666810378138302e-06,0.001976611442787786,1.8332525712835118e-06,1.7965875198578415e-06,97754.0,309.75151331349457,303.5564830472247,0.040060499805638715,0.0004349009639284915,0.00042620294464992164,0.03971527243523117,0.0013941042536656952,0.0013662221685923812,1.0,0.0,0.0,24391.0,1060.0229557262742,1038.8224966117486,0.00024391,1.060022955726275e-05,1.0388224966117496e-05,0.00046537071973371387,5.373494479669675e-06,5.266024590076281e-06,0.5100999795960008,1.0,
fig09a,jitter=0.5,detector_window_ns,6.0,4,100000000.0,0.0,0.0,98833031.0,0.0,0.0,0.01166969,0.0,0.0,1960.0,32.526911934581186,31.876373695889562,0.1924332999092286,0.0064930658931274705,0.006363204575264921,0.9999999703095719,9.774756772133822e-09,9.579261636691146e-09,0.0020166107219761376,5.68586216220374e-06,5.5721449189596655e-06,99647.25,288.8002481531713,283.0242431901079,0.04828647616546923,0.000816003128781801,0.0007996830662061649,0.049871089740065294,0.0012256254560206457,0.0012011129469002328,1.0,0.0,0.0,17399.25,830.6589251913206,814.0457466874941,0.0001739925,8.306589251913214e-06,8.140457466874949e-06,0.00039580562093390076,6.725110393488584e-06,6.590608185618812e-06,0.5100999795960008,1.0,
fig09a,jitter=0.75,detector_window_ns,0.5,4,100000000.0,0.0,0.0,98833031.0,0.0,0.0,0.01166969,0.0,0.0,1978.25,54.79279149669234,53.69693566675849,0.2560138988664625,0.0116420447403987,0.011409203845590726,0.2476611837433286,0.001124141013197365,0.0011016581929334177,0.00047904531026676697,3.363753927976125e-06,3.2964788494166025e-06,23649.0,177.92695130305583,174.36841227699472,0.02978515240899897,0.0010627433072956177,0.0010414884411497052,0.029055300490864213,0.0044612833692686555,0.004372057701883282,1.0,0.0,0.0,4361.5,796.6933747266469,780.759507232114,4.3614999999999995e-05,7.966933747266468e-06,7.807595072321138e-06,0.00013774079581762563,2.027940484575089e-06,1.9873816748835875e-06,0.5100999795960008,1.0,
fig09a,jitter=0.75,detector_window_ns,0.75,4,100000000.0,0.0,0.0,98833031.0,0.0,0.0,0.01166969,0.0,0.0,1934.25,40.202611855450385,39.39855961834137,0.2641789708608696,0.024087708570780797,0.02360595439936518,0.363019336221533,0.0030117844813763468,0.0029515487917488197,0.0007048605035699047,5.2511183556909385e-06,5.14609598857712e-06,34841.5,389.6686626695386,381.87528941614784,0.030432877718344593,0.0009423360837073881,0.0009234893620332404,0.03299914334347954,0.001835126837638181,0.0017984243008854173,1.0,0.0,0.0,7034.25,493.89295398901976,484.01509490923934,7.03425e-05,4.938929539890199e-06,4.840150949092396e-06,0.00020048360222833686,2.7361093003129852e-06,2.6813871143067254e-06,0.5100999795960008,1.0,
fig09a,jitter=0.75,detector_window_ns,1.0,4,100000000.0,0.0,0.0,98833031.0,0.0,0.0,0.01166969,0.0,0.0,1960.5,39.82043026722171,39.02402166187728,0.25313676200087054,0.015438363531759761,0.015129596261124565,0.47222623283969317,0.0026811489836163055,0.0026275260039439795,0.0009154985846786385,6.517467121963526e-06,6.387117779524255e-06,45228.25,254.82984519086457,249.73324828704727,0.029938045597201896,0.0007335772350525879,0.0007189056903515361,0.030059762503447184,0.0017178407243525285,0.0016834839098654778,1.0,0.0,0.0,11491.75,531.1555798445498,520.5324682476588,0.0001149175,5.3115557984455e-06,5.205324682476589e-06,0.0002626934726115711,4.2933094580860105e-06,4.20744326892429e-06,0.5100999795960008,1.0,
fig09a,jitter=0.75,detector_window_ns,1.5,4,100000000.0,0.0,0.0,98833031.0,0.0,0.0,0.01166969,0.0,0.0,2002.75,38.4133223417779,37.64505589494234,0.273227365942269,0.00581410509524615,0.005697822993341227,0.6526948514162653,0.001065419912480611,0.0010441115142309988,0.0012698259754878915,3.8832970270264385e-06,3.8056310864859097e-06,62604.5,192.27497670437165,188.42947717028423,0.03152416329657115,0.00045275824123231054,0.0004437030764076643,0.03282564562021986,0.004835539580921171,0.004738828789302748,1.0,0.0,0.0,16629.75,2449.5201400818623,2400.529737280225,0.0001662975,2.4495201400818618e-05,2.4005297372802247e-05,0.00035292845997217826,3.983919468808639e-06,3.904241079432466e-06,0.5100999795960008,1.0,
fig09a,jitter=0.75,detector_window_ns,2.0,4,100000000.0,0.0,0.0,98833031.0,0.0,0.0,0.01166969,0.0,0.0,1998.5,60.340699366182356,59.13388537885871,0.2731732111395975,0.030821036613856462,0.03020461588157933,0.7898941817425734,0.005664264685440879,0.005550979391732061,0.0015401480503011186,1.1692798799402864e-05,1.1458942823414807e-05,76252.25,676.9891062639043,663.4493241386263,0.03228481709898636,0.0004989779171311226,0.0004889983587885001,0.03158374744577506,0.002451119721348823,0.0024020973269218465,1.0,0.0,0.0,22387.0,1726.4196090946912,1691.8912169127973,0.00022386999999999998,1.7264196090946916e-05,1.6918912169127978e-05,0.0004236968347733715,5.964212641293135e-06,5.844928388467272e-06,0.5100999795960008,1.0,
fig09a,jitter=0.75,detector_window_ns,3.0,4,100000000.0,0.0,0.0,98833031.0,0.0,0.0,0.01166969,0.0,0.0,1962.5,40.779897008207364,39.96429906804322,0.26390446500440656,0.007579043491033714,0.0074274626212130395,0.9407562668110743,0.0008147673240885465,0.0007984719776067755,0.0018423117064982051,7.770656741164538e-06,7.615243606341247e-06,91042.5,525.0196821707417,514.5192885273268,0.03571380613441329,0.0007589653722533427,0.0007437860648082759,0.03534572787979762,0.0028859734064421152,0.0028282539383132728,1.0,0.0,0.0,25350.5,2208.770019716856,2164.594619322519,0.000253505,2.208770019716856e-05,2.1645946193225188e-05,0.00047331749578229023,7.371533976227385e-06,7.2241032967028375e-06,0.5100999795960008,1.0,
fig09a,jitter=0.75,detector_window_ns,4.0,4,100000000.0,0.0,0.0,98833031.0,0.0,0.0,0.01166969,0.0,0.0,1968.5,39.576929306520654,38.78539072039024,0.27623912411141893,0.014737277197312031,0.01444253165336579,0.9874860585969583,0.000570117915130331,0.0005587155568277243,0.001953709180486431,3.0592190592323903e-06,2.9980346780477423e-06,96594.25,269.06303474588753,263.6817740509698,0.03955748405116871,0.000574464674939201,0.000562975381440417,0.03977913684684656,0.002122846546260156,0.002080389615334953,1.0,0.0,0.0,23969.75,1638.3262546473052,1605.5597295543591,0.0002396975,1.6383262546473066e-05,1.6055597295543603e-05,0.0004646686863327783,5.948220509648806e-06,5.8292560994558294e-06,0.5100999795960008,1.0,
fig09a,jitter=0.75,detector_window_ns,6.0,4,100000000.0,0.0,0.0,98833031.0,0.0,0.0,0.01166969,0.0,0.0,1986.25,15.79820664927932,15.482242516293734,0.2654686899444141,0.011486337263953648,0.011256610518674576,0.9998318235363409,2.1827849075413273e-05,2.1391292093905008e-05,0.0020160997591989263,6.619713222335787e-06,6.487318957889071e-06,99704.25,396.21574510191624,388.29143019987794,0.04896435801473559,0.0007062631076329564,0.0006921378454802973,0.04914559963832221,0.0022808734493153806,0.002235255980329073,1.0,0.0,0.0,17951.25,1709.3311313688364,1675.1445087414597,0.0001795125,1.709331131368837e-05,1.6751445087414603e-05,0.000389795740190161,8.00690101128161e-06,7.846762991055979e-06,0.5100999795960008,1.0,
fig09a,jitter=1.0,detector_window_ns,0.5,4,100000000.0,0.0,0.0,98833031.0,0.0,0.0,0.01166969,0.0,0.0,1944.75,19.276496915501358,18.89096697719133,0.3507254915774114,0.02124230345138921,0.020817457382361428,0.18669593541238916,0.0010981628807891985,0.0010761996231734145,0.0003645947072087671,3.58512199066499e-06,3.51341955085169e-06,18037.75,259.8825055032883,254.68485539322253,0.0346827233951667,0.0005179610222968414,0.0005076018018509046,0.03431787246068486,0.005289278023653306,0.00518349246318024,1.0,0.0,0.0,1950.5,640.4792476471557,627.6696626942125,1.9505e-05,6.404792476471557e-06,6.276696626942126e-06,9.570361557938533e-05,2.341631109674351e-06,2.294798487480864e-06,0.5100999795960008,1.0,
fig09a,jitter=1.0,detector_window_ns,0.75,4,100000000.0,0.0,0.0,98833031.0,0.0,0.0,0.01166969,0.0,0.0,1971.0,46.45427859734774,45.52519302540078,0.3259845974126148,0.021434005626058784,0.021005325513537607,0.27869346457449656,0.001620015338134594,0.001587615031371902,0.0005443296583709954,5.506014068644963e-06,5.3958937872720635e-06,26913.0,383.8550073486949,376.17790720172104,0.03335044424237365,0.001346493531655813,0.0013195636610226966,0.0349253039595025,0.0023710676219185134,0.002323646269480143,1.0,0.0,0.0,4210.0,494.01012135380387,484.1299189267278,4.21e-05,4.9401012135380374e-06,4.841299189267276e-06,0.00014656517517663712,5.666981212689109e-06,5.553641588435327e-06,0.5100999795960008,1.0,
fig09a,jitter=1.0,detector_window_ns,1.0,4,100000000.0,0.0,0.0,98833031.0,0.0,0.0,0.01166969,0.0,0.0,1944.0,47.391982444291145,46.44414279540532,0.33963357834397384,0.020125566623545883,0.019723055291074966,0.3642551172407533,0.0019811987682267565,0.0019415747928622214,0.0007104608579696398,4.982498656361491e-06,4.882848683234261e-06,35214.0,219.9409011530143,215.542083129954,0.03310020984757131,0.0009932497401667093,0.0009733847453633751,0.03287773412173172,0.0034667756613476677,0.0033974401481207143,1.0,0.0,0.0,7195.5,976.9082181385653,957.370053775794,7.195500000000001e-05,9.769082181385653e-06,9.57370053775794e-06,0.00019265312023385145,4.4365657432696885e-06,4.347834428404295e-06,0.5100999795960008,1.0,
fig09a,jitter=1.0,detector_window_ns,1.5,4,100000000.0,0.0,0.0,98833031.0,0.0,0.0,0.01166969,0.0,0.0,1948.25,34.55792239125495,33.866763943429845,0.32702767997117854,0.02940576771132214,0.028817652357095696,0.5241318424513062,0.003567403960872062,0.0034960558816546205,0.001024333656224709,6.0359948829019615e-06,5.915274985243922e-06,50629.0,427.97274056494143,419.4132857536426,0.034069098937003696,0.0007254426566606464,0.0007109338035274335,0.033722128044361255,0.0015340204066452115,0.0015033399985123074,1.0,0.0,0.0,11999.75,602.6808857098423,590.6272679956454,0.0001199975,6.026808857098419e-06,5.90627267995645e-06,0.00027184342578263204,5.469015471927061e-06,5.35963516248852e-06,0.5100999795960008,1.0,
fig09a,jitter=1.0,detector_window_ns,2.0,4,100000000.0,0.0,0.0,98833031.0,0.0,0.0,0.01166969,0.0,0.0,1964.5,45.552167895721496,44.641124537807066,0.32743859177640383,0.02201521472677301,0.02157491043223755,0.6581690522932904,0.0032444438055476105,0.003179554929436658,0.0012882762848788884,8.278693362490789e-06,8.113119495240973e-06,63646.5,489.08179275045603,479.3001568954469,0.03519842738403181,0.0003684704561022732,0.00036110104698022777,0.033234177490484296,0.0027075309394944663,0.002653380320704577,1.0,0.0,0.0,16776.25,1456.4061647310707,1427.2780414364493,0.00016776250000000002,1.4564061647310706e-05,1.4272780414364491e-05,0.00033425917762455184,3.622629311452458e-06,3.550176725223409e-06,0.5100999795960008,1.0,
fig09a,jitter=1.0,detector_window_ns,3.0,4,100000000.0,0.0,0.0,98833031.0,0.0,0.0,0.01166969,0.0,0.0,1959.0,62.455317361027525,61.20621101380697,0.33228143146462025,0.026506533543848073,0.02597640287297111,0.8454083185612737,0.0033130395728966375,0.0032467787814387046,0.0016662015556317402,1.1418555234397194e-05,1.119018412970925e-05,82309.5,667.805111291211,654.4490090653868,0.03690100400220206,0.000251851407246346,0.0002468143791014191,0.036275378416194264,0.0018596625641468783,0.0018224693128639407,1.0,0.0,0.0,21609.0,1429.3072914294298,1400.7211456008413,0.00021609,1.4293072914294301e-05,1.4007211456008414e-05,0.0004179250116559414,4.690391436274739e-06,4.596583607549245e-06,0.5100999795960008,1.0,
fig09a,jitter=1.0,detector_window_ns,4.0,4,100000000.0,0.0,0.0,98833031.0,0.0,0.0,0.01166969,0.0,0.0,1968.75,50.089087301194326,49.08730555517044,0.32786840536791595,0.026272505396219465,0.025747055288295077,0.9425386365495415,0.0019646685866536668,0.0019253752149205935,0.0018660714756385441,6.540683869573967e-06,6.409870192182488e-06,92165.75,589.4462797122964,577.6573541180504,0.04103441022604952,0.0006864212316562354,0.0006726928070231107,0.04363392258747141,0.003098631639152061,0.0030366590063690196,1.0,0.0,0.0,19812.25,2080.6736689511567,2039.0601955721336,0.00019812249999999997,2.0806736689511565e-05,2.0390601955721332e-05,0.00042989008744781884,3.797553674377576e-06,3.7216026008900247e-06,0.5100999795960008,1.0,
fig09a,jitter=1.0,detector_window_ns,6.0,4,100000000.0,0.0,0.0,98833031.0,0.0,0.0,0.01166969,0.0,0.0,1950.25,42.61748467472007,41.765134981225664,0.3255782341292933,0.018372716801815646,0.018005262465779333,0.9956511770656193,0.00022698790877203283,0.00022244815059659217,0.0020050685281522936,4.516047904189085e-06,4.425726946105303e-06,99068.75,372.61005085746143,365.1578498403122,0.04824163913383681,0.0006781593741208197,0.0006645961866384033,0.046828229219910485,0.0025396755882173576,0.00248888207645301,1.0,0.0,0.0,19474.5,1789.218358203753,1753.433991039678,0.000194745,1.7892183582037532e-05,1.753433991039678e-05,0.00039392673195550875,6.322272768794462e-06,6.195827313418573e-06,0.5100999795960008,1.0,
fig09a,jitter=1.5,detector_window_ns,0.5,4,100000000.0,0.0,0.0,98833031.0,0.0,0.0,0.01166969,0.0,0.0,1953.0,45.90570044486124,44.98758643596401,0.44768311128377253,0.018120937841859423,0.017758519085022233,0.12689396104132414,0.0004989433306075876,0.0004889644639954359,0.0002507562476759415,1.518003491236976e-06,1.4876434214122366e-06,12407.75,136.83658136624138,134.09984973891653,0.03948900297060666,0.0019159820394829192,0.0018776623986932607,0.03686650128710523,0.004246994138675485,0.004162054255901975,1.0,0.0,0.0,446.0,375.665631468553,368.15231883918193,4.4600000000000005e-06,3.75665631468553e-06,3.6815231883918193e-06,5.9781872067092844e-05,2.3807659290579516e-06,2.3331506104767925e-06,0.5100999795960008,1.0,
fig09a,jitter=1.5,detector_window_ns,0.75,4,100000000.0,0.0,0.0,98833031.0,0.0,0.0,0.01166969,0.0,0.0,1941.0,63.53476738500478,62.26407203730468,0.48193676039880623,0.021457591960753458,0.02102844012153839,0.18814654749546578,0.0008236526255442472,0.0008071795730333622,0.0003719606656604511,1.9621762042736316e-06,1.922932680188159e-06,18316.75,138.31214697198507,135.54590403254537,0.03842807610003014,0.0018066331458949367,0.001770500482977038,0.0367147783418839,0.00436497280395102,0.0042776733478719995,1.0,0.0,0.0,1710.5,580.634423138461,569.0217346756917,1.7105e-05,5.8063442313846095e-06,5.690217346756917e-06,9.018332712654485e-05,2.916602677044903e-06,2.858270623504005e-06,0.5100999795960008,1.0,
fig09a,jitter=1.5,detector_window_ns,1.0,4,100000000.0,0.0,0.0,98833031.0,0.0,0.0,0.01166969,0.0,0.0,1946.75,45.92294270478174,45.00448385068611,0.48410898772520394,0.04802275086521633,0.047062295847912,0.2487984837667302,0.0022796938198462783,0.0022340999434493527,0.0004917561417295803,4.999239459021623e-06,4.89925466984119e-06,24231.75,301.859100685513,295.82191867180273,0.03811340839649332,0.000613148247393629,0.0006008852824457565,0.040218350125474554,0.0034581350518987216,0.0033889723508607472,1.0,0.0,0.0,2542.0,570.7001547806577,559.2861516850446,2.542e-05,5.707001547806578e-06,5.5928615168504465e-06,0.00012007169369691919,2.487571924165779e-06,2.4378204856824636e-06,0.5100999795960008,1.0,
fig09a,jitter=1.5,detector_window_ns,1.5,4,100000000.0,0.0,0.0,98833031.0,0.0,0.0,0.01166969,0.0,0.0,1986.75,40.16113378213652,39.35791110649379,0.4225779060770336,0.05458067142887907,0.05348905800030149,0.3697766826462412,0.003056376271838985,0.002995248746402205,0.0007311523209280104,8.372733895780882e-06,8.205279217865263e-06,36111.25,299.5845734791207,293.5928820095383,0.039976803221902835,0.0011136052445885449,0.001091333139696774,0.040471191928127405,0.004310720315601536,0.004224505909289505,1.0,0.0,0.0,5424.25,1069.6190521240105,1048.2266710815302,5.42425e-05,1.0696190521240103e-05,1.04822667108153e-05,0.00017220686602718968,3.4341234207365368e-06,3.365440952321806e-06,0.5100999795960008,1.0,
fig09a,jitter=1.5,detector_window_ns,2.0,4,100000000.0,0.0,0.0,98833031.0,0.0,0.0,0.01166969,0.0,0.0,1954.25,48.06506007486103,47.10375887336381,0.45906856746342434,0.04269161450840275,0.0418377822182347,0.47614192990657234,0.003173678813589803,0.003110205237318007,0.0009455897391227433,9.851522468941948e-06,9.654492019563109e-06,46669.75,486.97458865940837,477.2350968862202,0.039882007060959665,0.0007309257682306876,0.0007163072528660739,0.0403096873740239,0.0030500465300374153,0.002989045599436667,1.0,0.0,0.0,8330.5,930.8864950501037,912.2687651491016,8.3305e-05,9.308864950501037e-06,9.122687651491017e-06,0.00022298260489560056,2.0240831087647225e-06,1.983601446589428e-06,0.5100999795960008,1.0,
fig09a,jitter=1.5,detector_window_ns,3.0,4,100000000.0,0.0,0.0,98833031.0,0.0,0.0,0.01166969,0.0,0.0,1917.0,30.983866769659336,30.364189434266148,0.49053608583344027,0.011127052905277976,0.010904511847172416,0.6582696664113863,0.0009817317658688432,0.0009620971305514663,0.001308707207411255,6.427653846186249e-06,6.2991007692625236e-06,64648.25,383.8327543779105,376.15609929035224,0.042241905308586354,0.0007418885926416235,0.000727050820788791,0.04269674303554862,0.0036426179510735727,0.0035697655920521013,1.0,0.0,0.0,12431.75,1800.4066901675299,1764.3985563641793,0.0001243175,1.80040669016753e-05,1.7643985563641793e-05,0.00029394244860401244,5.7723322840869975e-06,5.656885638405258e-06,0.5100999795960008,1.0,
fig09a,jitter=1.5,detector_window_ns,4.0,4,100000000.0,0.0,0.0,98833031.0,0.0,0.0,0.01166969,0.0,0.0,1978.0,39.42080668885405,38.63239055507697,0.46855651816234023,0.033643115408386846,0.03297025310021911,0.7968937042886743,0.0029173757165645155,0.002859028202233225,0.0015898202089947035,3.53147747407746e-06,3.4608479245959107e-06,78510.25,395.5994396693032,387.68745087591714,0.04435338972790736,0.00034539042511311886,0.0003384826166108565,0.044507267401817686,0.0026304203715224158,0.0025778119640919674,1.0,0.0,0.0,15340.75,1469.5775753596677,1440.1860238524744,0.0001534075,1.4695775753596672e-05,1.440186023852474e-05,0.0003409506266473111,2.2322472612306e-06,2.1876023160059876e-06,0.5100999795960008,1.0,
fig09a,jitter=1.5,detector_window_ns,6.0,4,100000000.0,0.0,0.0,98833031.0,0.0,0.0,0.01166969,0.0,0.0,1965.75,75.1548401634918,73.65174336022196,0.45757159572652967,0.0358481183758906,0.03513115600837279,0.9442052760252199,0.0016491545935676973,0.0016161715016963433,0.0019094097195096647,4.958485548437148e-06,4.859315837468405e-06,94519.75,624.5736545836688,612.0821814919955,0.050199335113816114,0.0008418647737745132,0.000825027478299023,0.049777768309887616,0.0010297647006969348,0.0010091694066829962,1.0,0.0,0.0,16196.0,760.0346483329997,744.8339553663398,0.00016196000000000003,7.600346483329995e-06,7.448339553663395e-06,0.00035877800626711977,8.139206575003005e-06,7.976422443502945e-06,0.5100999795960008,1.0,
fig09b,50 km,pilot_spacing_slots,1000,4,100000000.0,0.0,0.0,99894670.0,0.0,0.0,0.0010533,0.0,0.0,6046.5,50.163067423487306,49.159806075017556,0.16116831531620157,0.003952388728575161,0.003873340954003658,0.9904229908473973,0.00033588746539784764,0.0003291697160898907,0.059464954436507976,1.914368359247116e-05,1.8760809920621736e-05,2970920.5,1628.3524393283742,1595.7853905418067,0.020293408659819007,0.00012802877255512025,0.00012546819710401784,0.020614822212453993,0.00035528179684711443,0.00034817616091017213,1.0,0.0,0.0,1704148.75,11166.955758695683,10943.61664352177,0.0170414875,0.00011166955758695701,0.00010943616643521788,0.020527195357959032,3.5664986458322785e-05,3.4951686729156327e-05,0.5100999795960008,1.0,0.017240814
fig09b,50 km,pilot_spacing_slots,300,4,100000000.0,0.0,0.0,99661349.0,0.0,0.0,0.00338651,0.0,0.0,20064.0,40.94712037087183,40.12817796345439,0.10054923118754518,0.0004639519067711385,0.00045467286863571575,0.9939643331281733,1.720583655590687e-05,1.686171982478873e-05,0.0596868726912376,1.6265892473467095e-05,1.5940574623997754e-05,2975332.75,1823.3608849228576,1786.8936672244004,0.0203336672967082,6.010537751029977e-05,5.890326996009377e-05,0.0203380671468964,0.00013420361920111,0.0001315195468170878,1.0,0.0,0.0,1715277.25,4888.728626476758,4790.954053947223,0.0171527725,4.8887286264767975e-05,4.7909540539472616e-05,0.02054319991200291,1.1696559190764404e-05,1.1462628006949115e-05,0.5100999795960008,1.0,0.017240814
fig09b,50 km,pilot_spacing_slots,100,4,100000000.0,0.0,0.0,98994718.0,0.0,0.0,0.01005282,0.0,0.0,60063.0,173.79873417260552,170.3227594891534,0.06710785329598065,0.0019162073991691073,0.0018778832511857251,0.9949829786176352,4.547703517964674e-05,4.45674944760538e-05,0.05974044999047323,3.256535435152448e-05,3.191404726449399e-05,2957586.0,1281.7428239185374,1256.1079674401667,0.020363728184826083,4.9846133167887914e-05,4.8849210504530154e-05,0.02031974088569381,7.77333909632611e-05,7.617872314399587e-05,1.0,0.0,0.0,1705226.75,2103.4188638182995,2061.3504865419336,0.0170522675,2.1034188638181958e-05,2.061350486541832e-05,0.020409937904188297,1.569998489105844e-05,1.538598519323727e-05,0.5100999795960008,1.0,0.017240814
fig09b,50 km,pilot_spacing_slots,30,4,100000000.0,0.0,0.0,96661509.0,0.0,0.0,0.03338491,0.0,0.0,199974.25,252.22394150172713,247.1794626716926,0.04278020959919414,0.0007135752318685013,0.0006993037272311313,0.9954319928655555,9.95242648851365e-06,9.753377958743377e-06,0.059783338888284895,2.7849659790867046e-05,2.7292666595049706e-05,2889204.5,1687.1894776027184,1653.445688050664,0.020314918830834125,9.210729552909438e-05,9.026514961851249e-05,0.020252920355692823,0.0004094803273304587,0.0004012907207838495,1.0,0.0,0.0,1666367.5,12088.720762209154,11846.94634696497,0.016663675,0.00012088720762209199,0.00011846946346965014,0.019955080123344633,2.9647544404769907e-05,2.9054593516674508e-05,0.5100999795960008,1.0,0.017240814
fig09b,50 km,pilot_spacing_slots,10,4,100000000.0,0.0,0.0,89995198.0,0.0,0.0,0.10004802,0.0,0.0,600036.0,803.9593687909027,787.8801814150846,0.028195004235349312,0.0003309353053846354,0.0003243165992769427,0.9955993504596314,2.9731355210640403e-06,2.9136728106427595e-06,0.05978880673166584,1.2897539144352027e-05,1.2639588361464987e-05,2689405.5,1178.0983264000788,1154.5363598720771,0.0203701710019287,0.00013754117767011544,0.00013479035411671314,0.020561191658486196,0.00023068879565953457,0.00022607501974634386,1.0,0.0,0.0,1538315.75,6354.269712825648,6227.184318569135,0.0153831575,6.354269712825658e-05,6.227184318569145e-05,0.018557182035433484,3.8218800466866184e-05,3.745442445752886e-05,0.5100999795960008,1.0,0.017240814
fig09b,75 km,pilot_spacing_slots,1000,4,100000000.0,0.0,0.0,99883146.0,0.0,0.0,0.00116854,0.0,0.0,1919.0,38.867295592395756,38.08994968054784,0.4195902535956,0.22736016832957062,0.2228129649629792,0.9653133892451453,0.005753982615646925,0.005638902963333987,0.018354555532321737,0.00010284085751077025,0.00010078404036055484,916909.75,5448.062308442027,5339.1010622731865,0.02100711317053334,8.380583857484082e-05,8.212972180334401e-05,0.02113594668508955,0.00018871257173140157,0.00018493832029677353,1.0,0.0,0.0,490986.25,3171.168068183499,3107.744706819829,0.0049098625,3.171168068183523e-05,3.107744706819853e-05,0.006256556738998853,3.494151522142698e-05,3.424268491699844e-05,0.5100999795960008,1.0,0.005098840500000001
fig09b,75 km,pilot_spacing_slots,300,4,100000000.0,0.0,0.0,99649852.0,0.0,0.0,0.00350148,0.0,0.0,6307.25,112.75748312196401,110.50233345952473,0.15948693581393725,0.005875369642723968,0.005757862249869489,0.990576635170621,0.00045148556095420475,0.00044245584973512066,0.018830690285420594,1.2098368998671686e-05,1.1856401618698252e-05,937810.25,1010.1760160156908,989.972495695377,0.021044409926380448,0.00015924716504809891,0.00015606222174713693,0.021022294665759857,0.00016554273326204158,0.00016223187859680074,1.0,0.0,0.0,503994.25,1750.6555676850505,1715.6424563313494,0.0050399425,1.7506555676850384e-05,1.7156424563313376e-05,0.006395000010242426,1.3786032341136181e-05,1.3510311694313458e-05,0.5100999795960008,1.0,0.005098840500000001
fig09b,75 km,pilot_spacing_slots,100,4,100000000.0,0.0,0.0,98983298.0,0.0,0.0,0.01016702,0.0,0.0,19043.25,135.09101869973938,132.3891983257446,0.10261079981765125,0.0022247305579435974,0.0021802359467847253,0.9938828648506443,9.388591114102417e-05,9.200819291820369e-05,0.018901347881942667,3.970005817990051e-06,3.89060570163025e-06,934985.25,1154.08502719687,1131.0033266529326,0.021007802839203043,0.0002837960152461784,0.0002781200949412548,0.021203038139711666,0.0006353103298570132,0.0006226041232598729,1.0,0.0,0.0,500700.25,5498.092964837899,5388.131105541141,0.0050070025,5.498092964837918e-05,5.388131105541159e-05,0.006379870558892402,3.2297554235633204e-05,3.165160315092054e-05,0.5100999795960008,1.0,0.005098840500000001
fig09b,75 km,pilot_spacing_slots,30,4,100000000.0,0.0,0.0,96650359.0,0.0,0.0,0.03349641,0.0,0.0,63323.25,206.95631584145158,202.81718952462253,0.06519670024920678,0.0010813132531876102,0.001059686988123858,0.9950264813016674,2.3766033733478968e-05,2.329071305880939e-05,0.018930759998522097,1.3402422597919462e-05,1.3134374145961073e-05,914331.5,1353.2424025280911,1326.1775544775294,0.020968029842237668,9.884013298969407e-05,9.686333032990019e-05,0.020979713790157062,0.0004812335183848017,0.00047160884801710564,1.0,0.0,0.0,490948.25,4443.640127568088,4354.767325016726,0.0049094825,4.443640127568107e-05,4.354767325016745e-05,0.006243256836165436,1.2775821509406581e-05,1.252030507921845e-05,0.5100999795960008,1.0,0.005098840500000001
fig09b,75 km,pilot_spacing_slots,10,4,100000000.0,0.0,0.0,89984817.0,0.0,0.0,0.10015183,0.0,0.0,189784.5,513.7356648446099,503.4609515477177,0.043630300731926475,0.0006919981192585566,0.0006781581568733855,0.9954202081761524,9.847009575588197e-06,9.650069384076434e-06,0.018917938678477283,9.737974885575666e-06,9.543215387864154e-06,851698.0,44.81815108487483,43.92178806317733,0.021097270280820538,0.00010772935292257884,0.00010557476586412726,0.020864114766255357,0.0006769273937285697,0.0006633888458539983,1.0,0.0,0.0,456112.75,5792.285638387205,5676.439925619461,0.0045611275,5.792285638387193e-05,5.676439925619449e-05,0.005802411712768249,1.1215755017277856e-05,1.09914399169323e-05,0.5100999795960008,1.0,0.005098840500000001
fig09b,100 km,pilot_spacing_slots,1000,4,100000000.0,0.0,0.0,99846718.0,0.0,0.0,0.00153282,0.0,0.0,678.75,17.519037264263886,17.168656518978608,103.43841314279695,184.7559362364839,181.06081751175424,0.6530486847189958,0.22286868417893013,0.21841131049535153,0.003961747646026783,0.0013381159668486079,0.0013113536475116356,197792.5,66959.48333382908,65620.2936671525,0.024851494150088457,0.0018341744242750208,0.0017974909357895204,0.024869604042777334,0.0016755421789717826,0.0016420313353923469,1.0,0.0,0.0,85143.5,35107.547882660976,34405.39692500776,0.000851435,0.00035107547882660983,0.00034405396925007764,0.0012704806522884102,0.00045594360676428356,0.0004468247346289979,0.5100999795960008,1.0,0.001393892
fig09b,100 km,pilot_spacing_slots,300,4,100000000.0,0.0,0.0,99613509.0,0.0,0.0,0.00386491,0.0,0.0,2048.25,16.25576820700886,15.930652842868682,0.27635585903973464,0.01656729103756944,0.016235945216818048,0.9734244118887375,0.0038283513076533514,0.003751784281500284,0.005880575394648532,2.5847851479956935e-05,2.5330894450357794e-05,292500.5,1404.1416120415586,1376.0587798007273,0.02355384234883734,9.271073548812323e-05,9.085652077836077e-05,0.024246864233419794,0.0010305052248876184,0.001009895120389866,1.0,0.0,0.0,132766.25,2778.382428080531,2722.81477951892,0.0013276624999999998,2.7783824280805322e-05,2.7228147795189215e-05,0.0019080963999119865,9.99801685970422e-06,9.798056522510136e-06,0.5100999795960008,1.0,0.001393892
fig09b,100 km,pilot_spacing_slots,100,4,100000000.0,0.0,0.0,98947198.0,0.0,0.0,0.01052802,0.0,0.0,6100.75,91.2373278872195,89.4125813294751,0.1656667567756019,0.002909953242401496,0.002851754177553466,0.9900647480579707,0.000299339032593891,0.0002933522519420132,0.005983640890972981,4.318240699517159e-06,4.231875885526816e-06,296288.75,273.775303244589,268.29979717969724,0.02309723128755855,0.0004806474357547184,0.000471034487039624,0.02278157635874059,0.0007509615709354712,0.0007359423395167618,1.0,0.0,0.0,138754.5,2106.651292137991,2064.518266295231,0.001387545,2.1066512921379985e-05,2.0645182662952384e-05,0.001948580390335079,1.576888432244505e-05,1.545350663599615e-05,0.5100999795960008,1.0,0.001393892
fig09b,100 km,pilot_spacing_slots,30,4,100000000.0,0.0,0.0,96615109.0,0.0,0.0,0.03384891,0.0,0.0,20051.75,126.91302796272204,124.3747674034676,0.10434531695839222,0.002277875911327966,0.002232318393101407,0.9938041114064402,9.922097258349067e-05,9.723655313182087e-05,0.006001367239569124,6.4930837085706515e-06,6.363222034399238e-06,289967.75,261.7229769559155,256.4885174167972,0.02319566809285159,0.00021788166001702854,0.00021352402681668796,0.023010540995225925,0.0007235515785625091,0.0007090805469912589,1.0,0.0,0.0,134815.25,1901.2708688313369,1863.24545145471,0.0013481525000000002,1.9012708688313366e-05,1.8632454514547097e-05,0.0019036583653330062,7.382216250055917e-06,7.234571925054799e-06,0.5100999795960008,1.0,0.001393892
fig09b,100 km,pilot_spacing_slots,10,4,100000000.0,0.0,0.0,89951998.0,0.0,0.0,0.10048002,0.0,0.0,60063.5,91.5951235965467,89.76322112461577,0.06667411552753427,0.0006981033379316138,0.0006841412711729815,0.9949939784972616,1.612241872745715e-05,1.5799970352908006e-05,0.006006723163614443,1.301040301758454e-05,1.2750194957232849e-05,270350.5,572.639793703977,561.1869978298975,0.02311535466199343,0.0005824082944262689,0.0005707601285377435,0.022100723269688087,0.0011011081421118533,0.0010790859792696162,1.0,0.0,0.0,126924.0,2837.714925780953,2780.9606272653336,0.00126924,2.8377149257809535e-05,2.7809606272653345e-05,0.0017774430713967497,1.8772925110447322e-05,1.8397466608238376e-05,0.5100999795960008,1.0,0.001393892
fig09b,125 km,pilot_spacing_slots,1000,4,100000000.0,0.0,0.0,99731513.0,0.0,0.0,0.00268487,0.0,0.0,258.5,6.454972243679028,6.325872798805447,1102.9170016405928,783.4878147263368,767.81805843181,0.07764908957553664,0.03426315471486485,0.033577891620567554,0.0001878694049292123,6.622913429126071e-05,6.49045516054355e-05,9423.0,3243.00693801293,3178.1467992526714,0.13921134977454372,0.044687398059894495,0.0437936500986966,0.13689870521599934,0.03935934677367172,0.03857215983819828,0.0,0.0,0.0,0.0,0.0,0.0,0.0,0.0,0.0,3.995730899117714e-07,7.991461798235429e-07,7.83163256227072e-07,0.0,0.48990002040399916,0.000316389
fig09b,125 km,pilot_spacing_slots,300,4,100000000.0,0.0,0.0,99498573.0,0.0,0.0,0.00501427,0.0,0.0,703.0,9.521904571390467,9.331466479962657,222.62895110100976,204.36368567056257,200.2764119571513,0.4405476696283556,0.3011749749452137,0.29515147544630943,0.0008765326714786151,0.0005711019977774709,0.0005596799578219214,43521.5,28492.983118655724,27923.12345628261,0.04751089236775294,0.013979423467651252,0.013699834998298226,0.048326989717542145,0.01562949851493998,0.015316908544641182,0.75,0.5,0.49,8432.75,12724.646095275106,12470.153173369603,8.43275e-05,0.00012724646095275106,0.00012470153173369604,0.00020529314616969012,0.00019076660748462495,0.00018695127533493246,0.3006360524426366,0.9544139373553637,0.000316389
fig09b,125 km,pilot_spacing_slots,100,4,100000000.0,0.0,0.0,98833031.0,0.0,0.0,0.01166969,0.0,0.0,2000.0,46.95387807909658,46.01480051751465,0.3073043008355366,0.03614755604177754,0.03542460492094199,0.9678954108835609,0.00511368640555975,0.0050114126774485545,0.0018757595322559722,9.758423734274513e-06,9.563255259589022e-06,92765.75,347.9055187834766,340.9474084078071,0.029992124921238858,0.0006926830236008737,0.0006788293631288562,0.030860165252462875,0.0016416988817373555,0.0016088649041026083,1.0,0.0,0.0,29349.5,1370.1446395666894,1342.7417467753555,0.000293495,1.3701446395666889e-05,1.3427417467753551e-05,0.0005382429377724121,7.173960237259826e-06,7.03048103251463e-06,0.5100999795960008,1.0,0.000316389
fig09b,125 km,pilot_spacing_slots,30,4,100000000.0,0.0,0.0,96503633.0,0.0,0.0,0.03496367,0.0,0.0,6419.5,53.25097808178425,52.18595852014856,0.1649642583336857,0.005689965527885596,0.0055761662173278844,0.9900327679919155,0.0004278304156482658,0.00041927380733530046,0.0019220209046430406,1.9662364105821027e-06,1.926911682370461e-06,92675.75,255.4530289505294,250.3439683715188,0.030207530779968534,7.130897207904592e-05,6.9882792637465e-05,0.029971041175675086,0.002202071548359149,0.0021580301173919664,1.0,0.0,0.0,30003.0,1732.5924698747442,1697.9406204772492,0.00030003,1.732592469874743e-05,1.6979406204772484e-05,0.000535544157689372,1.8832735838051309e-06,1.8456081121290283e-06,0.5100999795960008,1.0,0.000316389
fig09b,125 km,pilot_spacing_slots,10,4,100000000.0,0.0,0.0,89848210.0,0.0,0.0,0.1015179,0.0,0.0,18933.0,61.82771762459509,60.59116327210319,0.10713416877447396,0.004444603214773929,0.00435571115047845,0.9936942989281166,0.00019559793821924523,0.00019168597945486032,0.0019239225800936934,6.792651436588808e-06,6.6567984078570315e-06,86404.25,400.3351720746005,392.3284686331085,0.02996476477124774,0.0004769017298529571,0.00046736369525589793,0.029513373980850268,0.0007188917994945238,0.0007045139635046333,1.0,0.0,0.0,27776.25,659.3200411535104,646.1336403304401,0.00027776250000000004,6.593200411535101e-06,6.4613364033043985e-06,0.0005015895310478938,6.115084364929604e-06,5.992782677631012e-06,0.5100999795960008,1.0,0.000316389
fig09b,150 km,pilot_spacing_slots,1000,4,100000000.0,0.0,0.0,99367198.0,0.0,0.0,0.00632802,0.0,0.0,125.0,7.3484692283495345,7.2014998437825435,449.58429778217817,316.99866957245683,310.6586961810077,0.03992170025197143,0.03220926509134678,0.03156507978951984,6.435725399039631e-05,1.941552537806083e-05,1.9027214870499614e-05,3209.75,964.8503770015328,945.5533694615021,0.339960880956803,0.09630203797359059,0.09437599721411878,0.3582857303232567,0.1117046454563359,0.10947055254720918,0.0,0.0,0.0,0.0,0.0,0.0,0.0,0.0,0.0,0.0,0.0,0.0,0.0,0.48990002040399916,1.8684500000000004e-05
fig09b,150 km,pilot_spacing_slots,300,4,100000000.0,0.0,0.0,99135109.0,0.0,0.0,0.00864891,0.0,0.0,244.75,4.716990566028302,4.622650754707736,1024.4995514388838,779.9751576587495,764.3756545055745,0.06112700223786187,0.0626988375736172,0.061444860822144856,7.655209215536344e-05,3.7694288035452133e-05,3.6940402274743094e-05,3791.5,1864.6551960080985,1827.3620920879366,0.31597272490476525,0.12058777233531921,0.11817601688861283,0.30387510101040904,0.10446987216834855,0.10238047472498157,0.0,0.0,0.0,0.0,0.0,0.0,0.0,0.0,0.0,0.0,0.0,0.0,0.0,0.48990002040399916,1.8684500000000004e-05
fig09b,150 km,pilot_spacing_slots,100,4,100000000.0,0.0,0.0,98471998.0,0.0,0.0,0.01528002,0.0,0.0,661.75,36.26177969524754,35.53654410134259,2005.3030256452275,983.082990713163,963.4213308988997,0.06338625644736291,0.025941121010931177,0.025422298590712555,7.809072788388025e-05,1.6577732266449338e-05,1.624617762112035e-05,3845.75,843.4924915690319,826.6226417376513,0.27088799713558137,0.04483264687610279,0.043935993938580734,0.27134767977465984,0.03764792458131354,0.036894966089687266,0.0,0.0,0.0,0.0,0.0,0.0,0.0,0.0,0.0,0.0,0.0,0.0,0.0,0.48990002040399916,1.8684500000000004e-05
fig09b,150 km,pilot_spacing_slots,30,4,100000000.0,0.0,0.0,96151109.0,0.0,0.0,0.03848891,0.0,0.0,2057.5,39.719852299154724,38.92545525317163,1.1191094876376246,1.6106284917460836,1.578415921911162,0.9418653770147944,0.04630474620298992,0.04537865127893012,0.0006049410204930658,2.90285253769806e-05,2.8447954869440987e-05,29079.75,1425.4335890060493,1396.9249172259283,0.05237886080525961,0.002138995341260016,0.002096215434434816,0.053478974334730166,0.00406764630265159,0.003986293376598558,1.0,0.0,0.0,1072.0,938.0522373514175,919.2911926043892,1.0719999999999999e-05,9.380522373514174e-06,9.19291192604389e-06,0.0001048362399955556,1.0351038778533623e-05,1.014401800296295e-05,0.5100999795960008,1.0,1.8684500000000004e-05
fig09b,150 km,pilot_spacing_slots,10,4,100000000.0,0.0,0.0,89519998.0,0.0,0.0,0.10480002,0.0,0.0,6059.0,31.037611591959415,30.416859360120228,30.045763239347462,59.72926692049457,58.53468158208467,0.9206114822135479,0.1354953410891737,0.1327854342673902,0.0005921693608616927,8.284452514905247e-05,8.118763464607142e-05,26609.0,3761.59957110447,3686.367579682381,0.05235928216929974,0.005853185216506617,0.005736121512176485,0.05257561233500245,0.00545190584249531,0.005342867725645403,0.75,0.5,0.49,1202.75,903.5357860465,885.46507032557,1.20275e-05,9.035357860465e-06,8.8546507032557e-06,9.741543107309527e-05,2.5357363848721102e-05,2.485021657174668e-05,0.3006360524426366,0.9544139373553637,1.8684500000000004e-05
fig09b,175 km,pilot_spacing_slots,1000,4,100000000.0,0.0,0.0,98215136.0,0.0,0.0,0.01784864,0.0,0.0,74.5,10.63014581273465,10.417542896479956,406.2760510174995,289.2957941564621,283.50987827333284,0.004342400320298617,0.003774808185719174,0.0036993120220047905,4.1424368643138675e-05,7.532874826383281e-07,7.382217329855615e-07,2047.5,66.21429855653032,64.89001258539972,0.4872011799046342,0.0180112839600115,0.01765105828081127,0.5088531778839349,0.029986720944528717,0.02938698652563814,0.0,0.0,0.0,0.0,0.0,0.0,0.0,0.0,0.0,0.0,0.0,0.0,0.0,0.48990002040399916,0.0
fig09b,175 km,pilot_spacing_slots,300,4,100000000.0,0.0,0.0,97985738.0,0.0,0.0,0.02014262,0.0,0.0,123.75,20.2875166871979,19.88176635345394,785.2416857153956,770.8125982911117,755.3963463252895,0.042523625477369084,0.028167645496706206,0.02760429258677208,4.792279055958124e-05,6.059611361019478e-06,5.938419133799088e-06,2377.75,302.7874667155165,296.7317173812061,0.4235345187615968,0.040318123490924784,0.03951176102110629,0.4125799106382236,0.04005003168852835,0.039249031054757785,0.0,0.0,0.0,0.0,0.0,0.0,0.0,0.0,0.0,0.0,0.0,0.0,0.0,0.48990002040399916,0.0
fig09b,175 km,pilot_spacing_slots,100,4,100000000.0,0.0,0.0,97330315.0,0.0,0.0,0.02669685,0.0,0.0,263.25,17.858238061652855,17.501073300419797,827.8761417804243,316.9204140732915,310.5820057918257,0.02519907672954892,0.03351762412949789,0.03284727164690793,4.4652069604418724e-05,6.334792807302071e-06,6.20809695115603e-06,2153.0,282.4877578468372,276.83800268990046,0.45294721514804626,0.05472010248519979,0.05362570043549579,0.44627613652995024,0.05791940644250948,0.05676101831365929,0.0,0.0,0.0,0.0,0.0,0.0,0.0,0.0,0.0,0.0,0.0,0.0,0.0,0.48990002040399916,0.0
fig09b,175 km,pilot_spacing_slots,30,4,100000000.0,0.0,0.0,95036335.0,0.0,0.0,0.04963665,0.0,0.0,676.75,15.649813630413195,15.33681735780493,1303.7794130624986,661.7581585078826,648.522995337725,0.04113449754225823,0.045425673448506586,0.04451715997953645,4.820524697211861e-05,8.457519767847959e-06,8.288369372490999e-06,2293.0,416.2635383183751,407.9382675520076,0.442558371368101,0.0705684462215374,0.06915707729710666,0.4606944127852712,0.07164671869078201,0.07021378431696637,0.0,0.0,0.0,0.0,0.0,0.0,0.0,0.0,0.0,0.0,0.0,0.0,0.0,0.48990002040399916,0.0
fig09b,175 km,pilot_spacing_slots,10,4,100000000.0,0.0,0.0,88482105.0,0.0,0.0,0.11517895,0.0,0.0,1926.75,78.20645753388911,76.64232838321132,445.01856449875135,233.3887934214905,228.72101755306068,0.1961780562010439,0.2066041954667053,0.2024721115573712,7.769085059628725e-05,3.906055840129363e-05,3.827934723326776e-05,3403.75,1699.0976772000681,1665.1157236560666,0.30595903456610407,0.11308972643959249,0.11082793191080063,0.32453676888442035,0.09223970958226306,0.0903949153906178,0.0,0.0,0.0,0.0,0.0,0.0,0.0,0.0,0.0,0.0,0.0,0.0,0.0,0.48990002040399916,0.0
