distance_km,strategy,time_ms,capture_pct
25,none,2.4900498009960206,2.044234508207724e-18
25,none,7.4901498029960605,0.0
25,none,12.490249804996099,0.0
25,none,17.49034980699614,0.0
25,none,22.490449808996182,0.0
25,none,27.490549810996225,0.0
25,none,32.49064981299626,0.0
25,none,37.490749814996306,0.0
25,none,42.49084981699634,0.0
25,none,47.490949818996384,0.0
25,none,52.49104982099642,0.0
25,none,57.49114982299646,0.0
25,none,62.49124982499651,0.0
25,none,67.49134982699654,0.0
25,none,72.49144982899658,0.0
25,none,77.49154983099662,0.0
25,none,82.49164983299666,0.0
25,none,87.4917498349967,0.0
25,none,92.49184983699675,0.0
25,none,97.49194983899679,0.0
25,none,102.49204984099683,0.0
25,none,107.49214984299685,0.0
25,none,112.4922498449969,0.0
25,none,117.49234984699694,0.0
25,none,122.49244984899698,0.0
25,none,127.49254985099704,0.0
25,none,132.49264985299706,0.0
25,none,137.4927498549971,0.0
25,none,142.49284985699714,0.0
25,none,147.4929498589972,0.0
25,none,152.49304986099722,0.0
25,none,157.49314986299726,0.0
25,none,162.4932498649973,0.0
25,none,167.49334986699733,0.0
25,none,172.49344986899737,0.0
25,none,177.49354987099744,0.0
25,none,182.49364987299745,0.0
25,none,187.4937498749975,0.0
25,none,192.49384987699756,0.0
25,none,197.49394987899757,0.0
25,none,202.49404988099764,0.0
25,none,207.49414988299768,0.0
25,none,212.49424988499766,0.0
25,none,217.49434988699772,0.0
25,none,222.49444988899776,0.0
25,none,227.49454989099783,0.0
25,none,232.49464989299787,0.0
25,none,237.49474989499794,0.0
25,none,242.49484989699795,0.0
25,none,247.494949898998,0.0
25,none,252.49504990099805,0.0
25,none,257.4951499029981,0.0
25,none,262.4952499049981,0.0
25,none,267.4953499069981,0.0
25,none,272.4954499089982,0.0
25,none,277.4955499109982,0.0
25,none,282.4956499129983,0.0
25,none,287.49574991499827,0.0
25,none,292.49584991699834,0.0
25,none,297.4959499189984,0.0
25,none,302.4960499209984,0.0
25,none,307.4961499229985,0.0
25,none,312.4962499249985,0.0
25,none,317.49634992699856,0.0
25,none,322.4964499289985,0.0
25,none,327.4965499309987,0.0
25,none,332.49664993299865,0.0
25,none,337.4967499349986,0.0
25,none,342.4968499369988,0.0
25,none,347.49694993899874,0.0
25,none,352.4970499409988,0.0
25,none,357.4971499429988,0.0
25,none,362.49724994499894,0.0
25,none,367.4973499469989,0.0
25,none,372.497449948999,0.0
25,none,377.49754995099903,0.0
25,none,382.497649952999,0.0
25,none,387.4977499549991,0.0
25,none,392.4978499569991,0.0
25,none,397.49794995899913,0.0
25,none,402.4980499609992,0.0
25,none,407.49814996299926,0.0
25,none,412.4982499649993,0.0
25,none,417.4983499669994,0.0
25,none,422.4984499689994,0.0
25,none,427.4985499709995,0.0
25,none,432.4986499729995,0.0
25,none,437.4987499749995,0.0
25,none,442.4988499769995,0.0
25,none,447.4989499789995,0.0
25,none,452.4990499809996,0.0
25,none,457.4991499829996,0.0
25,none,462.4992499849998,0.0
25,none,467.49934998699973,0.0
25,none,472.4994499889998,0.0
25,none,477.4995499909998,0.0
25,none,482.4996499929999,0.0
25,none,487.49974999499995,0.0
25,none,492.4998499969999,0.0
25,none,497.499949999,0.0
25,none,502.500050001,0.0
25,none,507.5001500030001,0.0
25,none,512.5002500050001,0.0
25,none,517.5003500070002,0.0
25,none,522.5004500090001,0.0
25,none,527.5005500110002,0.0
25,none,532.5006500130003,0.0
25,none,537.5007500150003,0.0
25,none,542.5008500170004,0.0
25,none,547.5009500190004,0.0
25,none,552.5010500210005,0.0
25,none,557.5011500230005,0.0
25,none,562.5012500250004,0.0
25,none,567.5013500270006,0.0
25,none,572.5014500290005,0.0
25,none,577.5015500310005,0.0
25,none,582.5016500330007,0.0
25,none,587.5017500350007,0.0
25,none,592.5018500370007,0.0
25,none,597.5019500390008,0.0
25,none,602.5020500410008,0.0
25,none,607.5021500430009,0.0
25,none,612.502250045001,0.0
25,none,617.502350047001,0.0
25,none,622.502450049001,0.0
25,none,627.502550051001,0.0
25,none,632.502650053001,0.0
25,none,637.5027500550011,0.0
25,none,642.5028500570012,0.0
25,none,647.5029500590013,0.0
25,none,652.5030500610012,0.0
25,none,657.5031500630013,0.0
25,none,662.5032500650013,0.0
25,none,667.5033500670012,0.0
25,none,672.5034500690015,0.0
25,none,677.5035500710014,0.0
25,none,682.5036500730015,0.0
25,none,687.5037500750014,0.0
25,none,692.5038500770015,0.0
25,none,697.5039500790016,0.0
25,none,702.5040500810018,0.0
25,none,707.5041500830017,0.0
25,none,712.5042500850017,0.0
25,none,717.5043500870016,0.0
25,none,722.5044500890018,0.0
25,none,727.5045500910019,0.0
25,none,732.5046500930019,0.0
25,none,737.5047500950019,0.0
25,none,742.504850097002,0.0
25,none,747.5049500990021,0.0
25,none,752.505050101002,0.0
25,none,757.505150103002,0.0
25,none,762.505250105002,0.0
25,none,767.5053501070022,0.0
25,none,772.5054501090023,0.0
25,none,777.5055501110022,0.0
25,none,782.5056501130022,0.0
25,none,787.5057501150023,0.0
25,none,792.5058501170024,0.0
25,none,797.5059501190025,0.0
25,none,802.5060501210024,0.0
25,none,807.5061501230024,0.0
25,none,812.5062501250023,0.0
25,none,817.5063501270026,0.0
25,none,822.5064501290026,0.0
25,none,827.5065501310027,0.0
25,none,832.5066501330026,0.0
25,none,837.5067501350027,0.0
25,none,842.5068501370029,0.0
25,none,847.5069501390027,0.0
25,none,852.5070501410029,0.0
25,none,857.507150143003,0.0
25,none,862.507250145003,0.0
25,none,867.507350147003,0.0
25,none,872.5074501490029,0.0
25,none,877.507550151003,0.0
25,none,882.5076501530032,0.0
25,none,887.5077501550031,0.0
25,none,892.5078501570032,0.0
25,none,897.5079501590031,0.0
25,none,902.5080501610032,0.0
25,none,907.5081501630032,0.0
25,none,912.5082501650033,0.0
25,none,917.5083501670034,0.0
25,none,922.5084501690034,0.0
25,none,927.5085501710034,0.0
25,none,932.5086501730034,0.0
25,none,937.5087501750035,0.0
25,none,942.5088501770036,0.0
25,none,947.5089501790037,0.0
25,none,952.5090501810037,0.0
25,none,957.5091501830036,0.0
25,none,962.5092501850037,0.0
25,none,967.5093501870036,0.0
25,none,972.5094501890037,0.0
25,none,977.5095501910039,0.0
25,none,982.509650193004,0.0
25,none,987.5097501950039,0.0
25,none,992.509850197004,0.0
25,none,997.509950199004,0.0
25,classical,2.4900498009960206,82.4858815078803
25,classical,7.4901498029960605,82.4858815078803
25,classical,12.490249804996099,82.4858815078803
25,classical,17.49034980699614,82.4858815078803
25,classical,22.490449808996182,82.4858815078803
25,classical,27.490549810996225,82.4858815078803
25,classical,32.49064981299626,82.4858815078803
25,classical,37.490749814996306,82.4858815078803
25,classical,42.49084981699634,82.4858815078803
25,classical,47.490949818996384,82.4858815078803
25,classical,52.49104982099642,82.4858815078803
25,classical,57.49114982299646,82.4858815078803
25,classical,62.49124982499651,82.4858815078803
25,classical,67.49134982699654,82.4858815078803
25,classical,72.49144982899658,82.4858815078803
25,classical,77.49154983099662,82.4858815078803
25,classical,82.49164983299666,82.4858815078803
25,classical,87.4917498349967,82.4858815078803
25,classical,92.49184983699675,82.4858815078803
25,classical,97.49194983899679,82.4858815078803
25,classical,102.49204984099683,82.4858815078803
25,classical,107.49214984299685,82.4858815078803
25,classical,112.4922498449969,82.4858815078803
25,classical,117.49234984699694,82.4858815078803
25,classical,122.49244984899698,82.4858815078803
25,classical,127.49254985099704,82.4858815078803
25,classical,132.49264985299706,82.4858815078803
25,classical,137.4927498549971,82.4858815078803
25,classical,142.49284985699714,82.4858815078803
25,classical,147.4929498589972,82.4858815078803
25,classical,152.49304986099722,82.4858815078803
25,classical,157.49314986299726,82.4858815078803
25,classical,162.4932498649973,82.4858815078803
25,classical,167.49334986699733,82.4858815078803
25,classical,172.49344986899737,82.4858815078803
25,classical,177.49354987099744,82.4858815078803
25,classical,182.49364987299745,82.4858815078803
25,classical,187.4937498749975,82.4858815078803
25,classical,192.49384987699756,82.4858815078803
25,classical,197.49394987899757,82.4858815078803
25,classical,202.49404988099764,82.4858815078803
25,classical,207.49414988299768,82.4858815078803
25,classical,212.49424988499766,82.4858815078803
25,classical,217.49434988699772,82.4858815078803
25,classical,222.49444988899776,82.4858815078803
25,classical,227.49454989099783,82.4858815078803
25,classical,232.49464989299787,82.4858815078803
25,classical,237.49474989499794,82.4858815078803
25,classical,242.49484989699795,82.4858815078803
25,classical,247.494949898998,82.4858815078803
25,classical,252.49504990099805,82.4858815078803
25,classical,257.4951499029981,82.4858815078803
25,classical,262.4952499049981,82.4858815078803
25,classical,267.4953499069981,82.4858815078803
25,classical,272.4954499089982,82.4858815078803
25,classical,277.4955499109982,82.4858815078803
25,classical,282.4956499129983,82.4858815078803
25,classical,287.49574991499827,82.4858815078803
25,classical,292.49584991699834,82.4858815078803
25,classical,297.4959499189984,82.4858815078803
25,classical,302.4960499209984,82.4858815078803
25,classical,307.4961499229985,82.4858815078803
25,classical,312.4962499249985,82.4858815078803
25,classical,317.49634992699856,82.4858815078803
25,classical,322.4964499289985,82.4858815078803
25,classical,327.4965499309987,82.4858815078803
25,classical,332.49664993299865,82.4858815078803
25,classical,337.4967499349986,82.4858815078803
25,classical,342.4968499369988,82.4858815078803
25,classical,347.49694993899874,82.4858815078803
25,classical,352.4970499409988,82.4858815078803
25,classical,357.4971499429988,82.4858815078803
25,classical,362.49724994499894,82.4858815078803
25,classical,367.4973499469989,82.4858815078803
25,classical,372.497449948999,82.4858815078803
25,classical,377.49754995099903,82.4858815078803
25,classical,382.497649952999,82.4858815078803
25,classical,387.4977499549991,82.4858815078803
25,classical,392.4978499569991,82.4858815078803
25,classical,397.49794995899913,82.4858815078803
25,classical,402.4980499609992,82.4858815078803
25,classical,407.49814996299926,82.4858815078803
25,classical,412.4982499649993,82.4858815078803
25,classical,417.4983499669994,82.4858815078803
25,classical,422.4984499689994,82.4858815078803
25,classical,427.4985499709995,82.4858815078803
25,classical,432.4986499729995,82.4858815078803
25,classical,437.4987499749995,82.4858815078803
25,classical,442.4988499769995,82.4858815078803
25,classical,447.4989499789995,82.4858815078803
25,classical,452.4990499809996,82.4858815078803
25,classical,457.4991499829996,82.4858815078803
25,classical,462.4992499849998,82.4858815078803
25,classical,467.49934998699973,82.4858815078803
25,classical,472.4994499889998,82.4858815078803
25,classical,477.4995499909998,82.4858815078803
25,classical,482.4996499929999,82.4858815078803
25,classical,487.49974999499995,82.4858815078803
25,classical,492.4998499969999,82.4858815078803
25,classical,497.499949999,82.4858815078803
25,classical,502.500050001,82.4858815078803
25,classical,507.5001500030001,82.4858815078803
25,classical,512.5002500050001,82.4858815078803
25,classical,517.5003500070002,82.4858815078803
25,classical,522.5004500090001,82.4858815078803
25,classical,527.5005500110002,82.4858815078803
25,classical,532.5006500130003,82.4858815078803
25,classical,537.5007500150003,82.4858815078803
25,classical,542.5008500170004,82.4858815078803
25,classical,547.5009500190004,82.4858815078803
25,classical,552.5010500210005,82.4858815078803
25,classical,557.5011500230005,82.4858815078803
25,classical,562.5012500250004,82.4858815078803
25,classical,567.5013500270006,82.4858815078803
25,classical,572.5014500290005,82.4858815078803
25,classical,577.5015500310005,82.4858815078803
25,classical,582.5016500330007,82.4858815078803
25,classical,587.5017500350007,82.4858815078803
25,classical,592.5018500370007,82.4858815078803
25,classical,597.5019500390008,82.4858815078803
25,classical,602.5020500410008,82.4858815078803
25,classical,607.5021500430009,82.4858815078803
25,classical,612.502250045001,82.4858815078803
25,classical,617.502350047001,82.4858815078803
25,classical,622.502450049001,82.4858815078803
25,classical,627.502550051001,82.4858815078803
25,classical,632.502650053001,82.4858815078803
25,classical,637.5027500550011,82.4858815078803
25,classical,642.5028500570012,82.4858815078803
25,classical,647.5029500590013,82.4858815078803
25,classical,652.5030500610012,82.4858815078803
25,classical,657.5031500630013,82.4858815078803
25,classical,662.5032500650013,82.4858815078803
25,classical,667.5033500670012,82.4858815078803
25,classical,672.5034500690015,82.4858815078803
25,classical,677.5035500710014,82.4858815078803
25,classical,682.5036500730015,82.4858815078803
25,classical,687.5037500750014,82.4858815078803
25,classical,692.5038500770015,82.4858815078803
25,classical,697.5039500790016,82.4858815078803
25,classical,702.5040500810018,82.4858815078803
25,classical,707.5041500830017,82.4858815078803
25,classical,712.5042500850017,82.4858815078803
25,classical,717.5043500870016,82.4858815078803
25,classical,722.5044500890018,82.4858815078803
25,classical,727.5045500910019,82.4858815078803
25,classical,732.5046500930019,82.4858815078803
25,classical,737.5047500950019,82.4858815078803
25,classical,742.504850097002,82.4858815078803
25,classical,747.5049500990021,82.4858815078803
25,classical,752.505050101002,82.4858815078803
25,classical,757.505150103002,82.4858815078803
25,classical,762.505250105002,82.4858815078803
25,classical,767.5053501070022,82.4858815078803
25,classical,772.5054501090023,82.4858815078803
25,classical,777.5055501110022,82.4858815078803
25,classical,782.5056501130022,82.4858815078803
25,classical,787.5057501150023,82.4858815078803
25,classical,792.5058501170024,82.4858815078803
25,classical,797.5059501190025,82.4858815078803
25,classical,802.5060501210024,82.4858815078803
25,classical,807.5061501230024,82.4858815078803
25,classical,812.5062501250023,82.4858815078803
25,classical,817.5063501270026,82.4858815078803
25,classical,822.5064501290026,82.4858815078803
25,classical,827.5065501310027,82.4858815078803
25,classical,832.5066501330026,82.4858815078803
25,classical,837.5067501350027,82.4858815078803
25,classical,842.5068501370029,82.4858815078803
25,classical,847.5069501390027,82.4858815078803
25,classical,852.5070501410029,82.4858815078803
25,classical,857.507150143003,82.4858815078803
25,classical,862.507250145003,82.4858815078803
25,classical,867.507350147003,82.4858815078803
25,classical,872.5074501490029,82.4858815078803
25,classical,877.507550151003,82.4858815078803
25,classical,882.5076501530032,82.4858815078803
25,classical,887.5077501550031,82.4858815078803
25,classical,892.5078501570032,82.4858815078803
25,classical,897.5079501590031,82.4858815078803
25,classical,902.5080501610032,82.4858815078803
25,classical,907.5081501630032,82.4858815078803
25,classical,912.5082501650033,82.4858815078803
25,classical,917.5083501670034,82.4858815078803
25,classical,922.5084501690034,82.4858815078803
25,classical,927.5085501710034,82.4858815078803
25,classical,932.5086501730034,82.4858815078803
25,classical,937.5087501750035,82.4858815078803
25,classical,942.5088501770036,82.4858815078803
25,classical,947.5089501790037,82.4858815078803
25,classical,952.5090501810037,82.4858815078803
25,classical,957.5091501830036,82.4858815078803
25,classical,962.5092501850037,82.4858815078803
25,classical,967.5093501870036,82.4858815078803
25,classical,972.5094501890037,82.4858815078803
25,classical,977.5095501910039,82.4858815078803
25,classical,982.509650193004,82.4858815078803
25,classical,987.5097501950039,82.4858815078803
25,classical,992.509850197004,82.4858815078803
25,classical,997.509950199004,82.4858815078803
25,qcs_preamble,2.506907719154383,2.1955025400117365
25,qcs_preamble,7.5069232194643885,0.0
25,qcs_preamble,12.506938719774395,0.0
25,qcs_preamble,17.506954220084403,0.0
25,qcs_preamble,22.50696972039441,0.0
25,qcs_preamble,27.506985220704415,0.0
25,qcs_preamble,32.50700072101442,0.0
25,qcs_preamble,37.50701622132442,0.0
25,qcs_preamble,42.50703172163443,0.0
25,qcs_preamble,47.50704722194445,0.0
25,qcs_preamble,52.50706272225444,0.0
25,qcs_preamble,57.50707822256445,0.0
25,qcs_preamble,62.50709372287446,0.0
25,qcs_preamble,67.50710922318447,0.0
25,qcs_preamble,72.50712472349447,0.0
25,qcs_preamble,77.50714022380447,0.0
25,qcs_preamble,82.5071557241145,0.0
25,qcs_preamble,87.50717122442448,0.0
25,qcs_preamble,92.5071867247345,0.0
25,qcs_preamble,97.5072022250445,0.0
25,qcs_preamble,102.50721772535451,0.0
25,qcs_preamble,107.5072332256645,0.0
25,qcs_preamble,112.50724872597452,0.0
25,qcs_preamble,117.50726422628453,0.0
25,qcs_preamble,122.50727972659453,0.0
25,qcs_preamble,127.50729522690455,0.0
25,qcs_preamble,132.50731072721456,0.0
25,qcs_preamble,137.50732622752457,0.0
25,qcs_preamble,142.50734172783456,0.0
25,qcs_preamble,147.50735722814454,0.0
25,qcs_preamble,152.50737272845458,0.0
25,qcs_preamble,157.5073882287646,0.0
25,qcs_preamble,162.5074037290746,0.0
25,qcs_preamble,167.5074192293846,0.0
25,qcs_preamble,172.50743472969458,0.0
25,qcs_preamble,177.50745023000462,0.0
25,qcs_preamble,182.50746573031464,0.0
25,qcs_preamble,187.50748123062465,0.0
25,qcs_preamble,192.50749673093463,0.0
25,qcs_preamble,197.50751223124462,0.0
25,qcs_preamble,202.50752773155463,0.0
25,qcs_preamble,207.50754323186464,0.0
25,qcs_preamble,212.50755873217463,0.0
25,qcs_preamble,217.50757423248464,0.0
25,qcs_preamble,222.50758973279468,0.0
25,qcs_preamble,227.50760523310467,0.0
25,qcs_preamble,232.50762073341468,0.0
25,qcs_preamble,237.5076362337247,0.0
25,qcs_preamble,242.50765173403465,0.0
25,qcs_preamble,247.5076672343447,0.0
25,qcs_preamble,252.5076827346547,0.0
25,qcs_preamble,257.5076982349647,0.0
25,qcs_preamble,262.5077137352747,0.0
25,qcs_preamble,267.5077292355847,0.0
25,qcs_preamble,272.50774473589473,0.0
25,qcs_preamble,277.50776023620466,0.0
25,qcs_preamble,282.5077757365147,0.0
25,qcs_preamble,287.50779123682474,0.0
25,qcs_preamble,292.5078067371347,0.0
25,qcs_preamble,297.50782223744477,0.0
25,qcs_preamble,302.50783773775476,0.0
25,qcs_preamble,307.50785323806474,0.0
25,qcs_preamble,312.5078687383748,0.0
25,qcs_preamble,317.5078842386848,0.0
25,qcs_preamble,322.50789973899475,0.0
25,qcs_preamble,327.5079152393048,0.0
25,qcs_preamble,332.5079307396148,0.0
25,qcs_preamble,337.50794623992476,0.0
25,qcs_preamble,342.5079617402348,0.0
25,qcs_preamble,347.5079772405448,0.0
25,qcs_preamble,352.50799274085483,0.0
25,qcs_preamble,357.5080082411649,0.0
25,qcs_preamble,362.50802374147486,0.0
25,qcs_preamble,367.50803924178484,0.0
25,qcs_preamble,372.5080547420949,0.0
25,qcs_preamble,377.50807024240476,0.0
25,qcs_preamble,382.5080857427148,0.0
25,qcs_preamble,387.50810124302484,0.0
25,qcs_preamble,392.5081167433348,0.0
25,qcs_preamble,397.50813224364487,0.0
25,qcs_preamble,402.5081477439549,0.0
25,qcs_preamble,407.5081632442649,0.0
25,qcs_preamble,412.508178744575,0.0
25,qcs_preamble,417.50819424488503,0.0
25,qcs_preamble,422.50820974519496,0.0
25,qcs_preamble,427.5082252455049,0.0
25,qcs_preamble,432.50824074581493,0.0
25,qcs_preamble,437.508256246125,0.0
25,qcs_preamble,442.5082717464349,0.0
25,qcs_preamble,447.50828724674494,0.0
25,qcs_preamble,452.5083027470549,0.0
25,qcs_preamble,457.50831824736485,0.0
25,qcs_preamble,462.50833374767495,0.0
25,qcs_preamble,467.50834924798494,0.0
25,qcs_preamble,472.5083647482949,0.0
25,qcs_preamble,477.50838024860496,0.0
25,qcs_preamble,482.508395748915,0.0
25,qcs_preamble,487.50841124922493,0.0
25,qcs_preamble,492.50842674953503,0.0
25,qcs_preamble,497.50844224984496,0.0
25,qcs_preamble,502.50845775015506,0.0
25,qcs_preamble,507.5084732504651,0.0
25,qcs_preamble,512.5084887507751,0.0
25,qcs_preamble,517.5085042510851,0.0
25,qcs_preamble,522.508519751395,0.0
25,qcs_preamble,527.5085352517051,0.0
25,qcs_preamble,532.508550752015,0.0
25,qcs_preamble,537.5085662523251,0.0
25,qcs_preamble,542.5085817526351,0.0
25,qcs_preamble,547.508597252945,0.0
25,qcs_preamble,552.5086127532551,0.0
25,qcs_preamble,557.5086282535651,0.0
25,qcs_preamble,562.508643753875,0.0
25,qcs_preamble,567.5086592541851,0.0
25,qcs_preamble,572.5086747544951,0.0
25,qcs_preamble,577.5086902548052,0.0
25,qcs_preamble,582.5087057551151,0.0
25,qcs_preamble,587.5087212554253,0.0
25,qcs_preamble,592.5087367557352,0.0
25,qcs_preamble,597.5087522560452,0.0
25,qcs_preamble,602.5087677563552,0.0
25,qcs_preamble,607.508783256665,0.0
25,qcs_preamble,612.508798756975,0.0
25,qcs_preamble,617.5088142572852,0.0
25,qcs_preamble,622.5088297575952,0.0
25,qcs_preamble,627.5088452579051,0.0
25,qcs_preamble,632.5088607582151,0.0
25,qcs_preamble,637.5088762585251,0.0
25,qcs_preamble,642.5088917588351,0.0
25,qcs_preamble,647.5089072591453,0.0
25,qcs_preamble,652.5089227594551,0.0
25,qcs_preamble,657.5089382597652,0.0
25,qcs_preamble,662.5089537600752,0.0
25,qcs_preamble,667.5089692603852,0.0
25,qcs_preamble,672.5089847606953,0.0
25,qcs_preamble,677.5090002610054,0.0
25,qcs_preamble,682.5090157613154,0.0
25,qcs_preamble,687.5090312616253,0.0
25,qcs_preamble,692.5090467619353,0.0
25,qcs_preamble,697.5090622622453,0.0
25,qcs_preamble,702.5090777625551,0.0
25,qcs_preamble,707.5090932628652,0.0
25,qcs_preamble,712.5091087631753,0.0
25,qcs_preamble,717.5091242634853,0.0
25,qcs_preamble,722.5091397637951,0.0
25,qcs_preamble,727.5091552641052,0.0
25,qcs_preamble,732.5091707644152,0.0
25,qcs_preamble,737.5091862647254,0.0
25,qcs_preamble,742.5092017650354,0.0
25,qcs_preamble,747.5092172653453,0.0
25,qcs_preamble,752.5092327656553,0.0
25,qcs_preamble,757.5092482659653,0.0
25,qcs_preamble,762.5092637662754,0.0
25,qcs_preamble,767.5092792665855,0.0
25,qcs_preamble,772.5092947668956,0.0
25,qcs_preamble,777.5093102672055,0.0
25,qcs_preamble,782.5093257675154,0.0
25,qcs_preamble,787.5093412678253,0.0
25,qcs_preamble,792.5093567681353,0.0
25,qcs_preamble,797.5093722684453,0.0
25,qcs_preamble,802.5093877687553,0.0
25,qcs_preamble,807.5094032690653,0.0
25,qcs_preamble,812.5094187693753,0.0
25,qcs_preamble,817.5094342696852,0.0
25,qcs_preamble,822.5094497699953,0.0
25,qcs_preamble,827.5094652703054,0.0
25,qcs_preamble,832.5094807706155,0.0
25,qcs_preamble,837.5094962709255,0.0
25,qcs_preamble,842.5095117712355,0.0
25,qcs_preamble,847.5095272715455,0.0
25,qcs_preamble,852.5095427718556,0.0
25,qcs_preamble,857.5095582721656,0.0
25,qcs_preamble,862.5095737724754,0.0
25,qcs_preamble,867.5095892727854,0.0
25,qcs_preamble,872.5096047730955,0.0
25,qcs_preamble,877.5096202734054,0.0
25,qcs_preamble,882.5096357737153,0.0
25,qcs_preamble,887.5096512740255,0.0
25,qcs_preamble,892.5096667743355,0.0
25,qcs_preamble,897.5096822746456,0.0
25,qcs_preamble,902.5096977749554,0.0
25,qcs_preamble,907.5097132752655,0.0
25,qcs_preamble,912.5097287755756,0.0
25,qcs_preamble,917.5097442758855,0.0
25,qcs_preamble,922.5097597761956,0.0
25,qcs_preamble,927.5097752765056,0.0
25,qcs_preamble,932.5097907768156,0.0
25,qcs_preamble,937.5098062771254,0.0
25,qcs_preamble,942.5098217774355,0.0
25,qcs_preamble,947.5098372777456,0.0
25,qcs_preamble,952.5098527780556,0.0
25,qcs_preamble,957.5098682783655,0.0
25,qcs_preamble,962.5098837786755,0.0
25,qcs_preamble,967.5098992789856,0.0
25,qcs_preamble,972.5099147792956,0.0
25,qcs_preamble,977.5099302796057,0.0
25,qcs_preamble,982.5099457799156,0.0
25,qcs_preamble,987.5099612802256,0.0
25,qcs_preamble,992.5099767805357,0.0
25,qcs_preamble,997.5099922808455,0.0
25,qcs_tracking,2.506907719154383,99.48527478220072
25,qcs_tracking,7.5069232194643885,99.52850730780334
25,qcs_tracking,12.506938719774395,99.55046293936238
25,qcs_tracking,17.506954220084403,99.52975837342318
25,qcs_tracking,22.50696972039441,99.53085867875623
25,qcs_tracking,27.506985220704415,99.50912968867625
25,qcs_tracking,32.50700072101442,99.53577168934596
25,qcs_tracking,37.50701622132442,99.51330598904968
25,qcs_tracking,42.50703172163443,99.53789434310383
25,qcs_tracking,47.50704722194445,99.54899284567425
25,qcs_tracking,52.50706272225444,99.53842021743908
25,qcs_tracking,57.50707822256445,99.53103899797415
25,qcs_tracking,62.50709372287446,99.52310171954466
25,qcs_tracking,67.50710922318447,99.52475461552592
25,qcs_tracking,72.50712472349447,99.52282415908856
25,qcs_tracking,77.50714022380447,99.54631130508473
25,qcs_tracking,82.5071557241145,99.50851514248484
25,qcs_tracking,87.50717122442448,99.53003573575198
25,qcs_tracking,92.5071867247345,99.53854017662039
25,qcs_tracking,97.5072022250445,99.54389154584238
25,qcs_tracking,102.50721772535451,99.54303638084767
25,qcs_tracking,107.5072332256645,99.55098986864652
25,qcs_tracking,112.50724872597452,99.48520612354282
25,qcs_tracking,117.50726422628453,99.51516045104937
25,qcs_tracking,122.50727972659453,99.52931787695795
25,qcs_tracking,127.50729522690455,99.52505560009965
25,qcs_tracking,132.50731072721456,99.53883868732062
25,qcs_tracking,137.50732622752457,99.5179890461072
25,qcs_tracking,142.50734172783456,99.54557800299094
25,qcs_tracking,147.50735722814454,99.5411664697369
25,qcs_tracking,152.50737272845458,99.5148777654601
25,qcs_tracking,157.5073882287646,99.52084906720127
25,qcs_tracking,162.5074037290746,99.51378303011236
25,qcs_tracking,167.5074192293846,99.48248927624755
25,qcs_tracking,172.50743472969458,99.5260297582661
25,qcs_tracking,177.50745023000462,99.53447523689294
25,qcs_tracking,182.50746573031464,99.5314753588327
25,qcs_tracking,187.50748123062465,99.53875253620795
25,qcs_tracking,192.50749673093463,99.53686493714186
25,qcs_tracking,197.50751223124462,99.52440251559126
25,qcs_tracking,202.50752773155463,99.53485455433439
25,qcs_tracking,207.50754323186464,99.55086045483608
25,qcs_tracking,212.50755873217463,99.52463875215456
25,qcs_tracking,217.50757423248464,99.52852818574154
25,qcs_tracking,222.50758973279468,99.5318396950686
25,qcs_tracking,227.50760523310467,99.54859021983316
25,qcs_tracking,232.50762073341468,99.5279779376587
25,qcs_tracking,237.5076362337247,99.53408835801694
25,qcs_tracking,242.50765173403465,99.51512157882301
25,qcs_tracking,247.5076672343447,99.53666687292781
25,qcs_tracking,252.5076827346547,99.52286188460528
25,qcs_tracking,257.5076982349647,99.51259872649223
25,qcs_tracking,262.5077137352747,99.53689656494058
25,qcs_tracking,267.5077292355847,99.44628136554503
25,qcs_tracking,272.50774473589473,99.53974319820118
25,qcs_tracking,277.50776023620466,99.536473002949
25,qcs_tracking,282.5077757365147,99.53997295501
25,qcs_tracking,287.50779123682474,99.5499780954201
25,qcs_tracking,292.5078067371347,99.5413385034878
25,qcs_tracking,297.50782223744477,99.54602037392011
25,qcs_tracking,302.50783773775476,99.52627555819993
25,qcs_tracking,307.50785323806474,99.54241264591099
25,qcs_tracking,312.5078687383748,99.52440462962193
25,qcs_tracking,317.5078842386848,99.52287931705712
25,qcs_tracking,322.50789973899475,99.5551164925102
25,qcs_tracking,327.5079152393048,99.51786604981662
25,qcs_tracking,332.5079307396148,99.547993941685
25,qcs_tracking,337.50794623992476,99.53821707344818
25,qcs_tracking,342.5079617402348,99.55147814536545
25,qcs_tracking,347.5079772405448,99.52264750902343
25,qcs_tracking,352.50799274085483,99.54454537094168
25,qcs_tracking,357.5080082411649,99.52683285623135
25,qcs_tracking,362.50802374147486,99.48842045812285
25,qcs_tracking,367.50803924178484,99.52473748055883
25,qcs_tracking,372.5080547420949,99.54569607724392
25,qcs_tracking,377.50807024240476,99.53929274787124
25,qcs_tracking,382.5080857427148,99.53028351440142
25,qcs_tracking,387.50810124302484,99.55480990769409
25,qcs_tracking,392.5081167433348,99.52583074398372
25,qcs_tracking,397.50813224364487,99.53409432099102
25,qcs_tracking,402.5081477439549,99.4889458949687
25,qcs_tracking,407.5081632442649,99.54329374467426
25,qcs_tracking,412.508178744575,99.55215089085729
25,qcs_tracking,417.50819424488503,99.5529632419583
25,qcs_tracking,422.50820974519496,99.54016239030945
25,qcs_tracking,427.5082252455049,99.5511175509796
25,qcs_tracking,432.50824074581493,99.54790449673922
25,qcs_tracking,437.508256246125,99.5260790622205
25,qcs_tracking,442.5082717464349,99.51217642262324
25,qcs_tracking,447.50828724674494,99.54047465315406
25,qcs_tracking,452.5083027470549,99.55671074069679
25,qcs_tracking,457.50831824736485,99.5268516307842
25,qcs_tracking,462.50833374767495,99.53347169899874
25,qcs_tracking,467.50834924798494,99.54454301208094
25,qcs_tracking,472.5083647482949,99.54598980843076
25,qcs_tracking,477.50838024860496,99.53147828332158
25,qcs_tracking,482.508395748915,99.53806656749713
25,qcs_tracking,487.50841124922493,99.55092187794149
25,qcs_tracking,492.50842674953503,99.51686958323575
25,qcs_tracking,497.50844224984496,99.54326737022096
25,qcs_tracking,502.50845775015506,99.5491190497876
25,qcs_tracking,507.5084732504651,99.55524549621273
25,qcs_tracking,512.5084887507751,99.5319308685445
25,qcs_tracking,517.5085042510851,99.54228109950095
25,qcs_tracking,522.508519751395,99.51700555240431
25,qcs_tracking,527.5085352517051,99.52886625266986
25,qcs_tracking,532.508550752015,99.52047157095448
25,qcs_tracking,537.5085662523251,99.52327974054029
25,qcs_tracking,542.5085817526351,99.54332049568593
25,qcs_tracking,547.508597252945,99.53872317172507
25,qcs_tracking,552.5086127532551,99.53930346050537
25,qcs_tracking,557.5086282535651,99.49166283892367
25,qcs_tracking,562.508643753875,99.53589684607539
25,qcs_tracking,567.5086592541851,99.51260230030272
25,qcs_tracking,572.5086747544951,99.54394913062305
25,qcs_tracking,577.5086902548052,99.53538116901797
25,qcs_tracking,582.5087057551151,99.5549581924421
25,qcs_tracking,587.5087212554253,99.5336084487271
25,qcs_tracking,592.5087367557352,99.54643276571946
25,qcs_tracking,597.5087522560452,99.5293481227451
25,qcs_tracking,602.5087677563552,99.55318883538055
25,qcs_tracking,607.508783256665,99.55282399974588
25,qcs_tracking,612.508798756975,99.54901092616669
25,qcs_tracking,617.5088142572852,99.5432690857345
25,qcs_tracking,622.5088297575952,99.53665469262954
25,qcs_tracking,627.5088452579051,99.50112069710487
25,qcs_tracking,632.5088607582151,99.471609964029
25,qcs_tracking,637.5088762585251,99.55364004714899
25,qcs_tracking,642.5088917588351,99.5491665521194
25,qcs_tracking,647.5089072591453,99.55028324133453
25,qcs_tracking,652.5089227594551,99.54469535066845
25,qcs_tracking,657.5089382597652,99.54814290873189
25,qcs_tracking,662.5089537600752,99.54488024830478
25,qcs_tracking,667.5089692603852,99.52163379826855
25,qcs_tracking,672.5089847606953,99.55687091431533
25,qcs_tracking,677.5090002610054,99.52707636552343
25,qcs_tracking,682.5090157613154,99.53717269346069
25,qcs_tracking,687.5090312616253,99.54274045088508
25,qcs_tracking,692.5090467619353,99.53040280192373
25,qcs_tracking,697.5090622622453,99.51921330506185
25,qcs_tracking,702.5090777625551,99.54444641534424
25,qcs_tracking,707.5090932628652,99.50799928400971
25,qcs_tracking,712.5091087631753,99.53965768922575
25,qcs_tracking,717.5091242634853,99.49469606340853
25,qcs_tracking,722.5091397637951,99.52317170057329
25,qcs_tracking,727.5091552641052,99.53350251000313
25,qcs_tracking,732.5091707644152,99.55027302361287
25,qcs_tracking,737.5091862647254,99.53371489398724
25,qcs_tracking,742.5092017650354,99.5072650450289
25,qcs_tracking,747.5092172653453,99.54405802508708
25,qcs_tracking,752.5092327656553,99.5261076585784
25,qcs_tracking,757.5092482659653,99.54137990896487
25,qcs_tracking,762.5092637662754,99.53987433694687
25,qcs_tracking,767.5092792665855,99.55080588444838
25,qcs_tracking,772.5092947668956,99.54161204079762
25,qcs_tracking,777.5093102672055,99.49986572437282
25,qcs_tracking,782.5093257675154,99.54296279949804
25,qcs_tracking,787.5093412678253,99.53506814993077
25,qcs_tracking,792.5093567681353,99.52660911451136
25,qcs_tracking,797.5093722684453,99.54393370068402
25,qcs_tracking,802.5093877687553,99.52765680130399
25,qcs_tracking,807.5094032690653,99.5247603367965
25,qcs_tracking,812.5094187693753,99.53419154261573
25,qcs_tracking,817.5094342696852,99.51938986632038
25,qcs_tracking,822.5094497699953,99.5321630466323
25,qcs_tracking,827.5094652703054,99.52984574176276
25,qcs_tracking,832.5094807706155,99.53256809600809
25,qcs_tracking,837.5094962709255,99.51327791285149
25,qcs_tracking,842.5095117712355,99.5296988044721
25,qcs_tracking,847.5095272715455,99.54104761384602
25,qcs_tracking,852.5095427718556,99.5619921618597
25,qcs_tracking,857.5095582721656,99.52035136767633
25,qcs_tracking,862.5095737724754,99.55012745175372
25,qcs_tracking,867.5095892727854,99.54294521013794
25,qcs_tracking,872.5096047730955,99.54589694179415
25,qcs_tracking,877.5096202734054,99.51800340058111
25,qcs_tracking,882.5096357737153,99.52794953324978
25,qcs_tracking,887.5096512740255,99.5358648576969
25,qcs_tracking,892.5096667743355,99.55391081782702
25,qcs_tracking,897.5096822746456,99.54164482403189
25,qcs_tracking,902.5096977749554,99.54064013343334
25,qcs_tracking,907.5097132752655,99.53085697241787
25,qcs_tracking,912.5097287755756,99.53260763214861
25,qcs_tracking,917.5097442758855,99.52654957940439
25,qcs_tracking,922.5097597761956,99.54845769229806
25,qcs_tracking,927.5097752765056,99.52293696727456
25,qcs_tracking,932.5097907768156,99.54204904663465
25,qcs_tracking,937.5098062771254,99.5337908491737
25,qcs_tracking,942.5098217774355,99.53409447312644
25,qcs_tracking,947.5098372777456,99.54496405844745
25,qcs_tracking,952.5098527780556,99.55451480357935
25,qcs_tracking,957.5098682783655,99.53951821454308
25,qcs_tracking,962.5098837786755,99.54724318156607
25,qcs_tracking,967.5098992789856,99.55044292628169
25,qcs_tracking,972.5099147792956,99.53700193239513
25,qcs_tracking,977.5099302796057,99.53369798375043
25,qcs_tracking,982.5099457799156,99.53335975182993
25,qcs_tracking,987.5099612802256,99.52017606344515
25,qcs_tracking,992.5099767805357,99.54164270672294
25,qcs_tracking,997.5099922808455,99.5287519288949
25,ideal,2.4900498009960206,99.57252660398275
25,ideal,7.4901498029960605,99.57252660398275
25,ideal,12.490249804996099,99.57252660398275
25,ideal,17.49034980699614,99.57252660398275
25,ideal,22.490449808996182,99.57252660398275
25,ideal,27.490549810996225,99.57252660398275
25,ideal,32.49064981299626,99.57252660398275
25,ideal,37.490749814996306,99.57252660398275
25,ideal,42.49084981699634,99.57252660398275
25,ideal,47.490949818996384,99.57252660398275
25,ideal,52.49104982099642,99.57252660398275
25,ideal,57.49114982299646,99.57252660398275
25,ideal,62.49124982499651,99.57252660398275
25,ideal,67.49134982699654,99.57252660398275
25,ideal,72.49144982899658,99.57252660398275
25,ideal,77.49154983099662,99.57252660398275
25,ideal,82.49164983299666,99.57252660398275
25,ideal,87.4917498349967,99.57252660398275
25,ideal,92.49184983699675,99.57252660398275
25,ideal,97.49194983899679,99.57252660398275
25,ideal,102.49204984099683,99.57252660398275
25,ideal,107.49214984299685,99.57252660398275
25,ideal,112.4922498449969,99.57252660398275
25,ideal,117.49234984699694,99.57252660398275
25,ideal,122.49244984899698,99.57252660398275
25,ideal,127.49254985099704,99.57252660398275
25,ideal,132.49264985299706,99.57252660398275
25,ideal,137.4927498549971,99.57252660398275
25,ideal,142.49284985699714,99.57252660398275
25,ideal,147.4929498589972,99.57252660398275
25,ideal,152.49304986099722,99.57252660398275
25,ideal,157.49314986299726,99.57252660398275
25,ideal,162.4932498649973,99.57252660398275
25,ideal,167.49334986699733,99.57252660398275
25,ideal,172.49344986899737,99.57252660398275
25,ideal,177.49354987099744,99.57252660398275
25,ideal,182.49364987299745,99.57252660398275
25,ideal,187.4937498749975,99.57252660398275
25,ideal,192.49384987699756,99.57252660398275
25,ideal,197.49394987899757,99.57252660398275
25,ideal,202.49404988099764,99.57252660398275
25,ideal,207.49414988299768,99.57252660398275
25,ideal,212.49424988499766,99.57252660398275
25,ideal,217.49434988699772,99.57252660398275
25,ideal,222.49444988899776,99.57252660398275
25,ideal,227.49454989099783,99.57252660398275
25,ideal,232.49464989299787,99.57252660398275
25,ideal,237.49474989499794,99.57252660398275
25,ideal,242.49484989699795,99.57252660398275
25,ideal,247.494949898998,99.57252660398275
25,ideal,252.49504990099805,99.57252660398275
25,ideal,257.4951499029981,99.57252660398275
25,ideal,262.4952499049981,99.57252660398275
25,ideal,267.4953499069981,99.57252660398275
25,ideal,272.4954499089982,99.57252660398275
25,ideal,277.4955499109982,99.57252660398275
25,ideal,282.4956499129983,99.57252660398275
25,ideal,287.49574991499827,99.57252660398275
25,ideal,292.49584991699834,99.57252660398275
25,ideal,297.4959499189984,99.57252660398275
25,ideal,302.4960499209984,99.57252660398275
25,ideal,307.4961499229985,99.57252660398275
25,ideal,312.4962499249985,99.57252660398275
25,ideal,317.49634992699856,99.57252660398275
25,ideal,322.4964499289985,99.57252660398275
25,ideal,327.4965499309987,99.57252660398275
25,ideal,332.49664993299865,99.57252660398275
25,ideal,337.4967499349986,99.57252660398275
25,ideal,342.4968499369988,99.57252660398275
25,ideal,347.49694993899874,99.57252660398275
25,ideal,352.4970499409988,99.57252660398275
25,ideal,357.4971499429988,99.57252660398275
25,ideal,362.49724994499894,99.57252660398275
25,ideal,367.4973499469989,99.57252660398275
25,ideal,372.497449948999,99.57252660398275
25,ideal,377.49754995099903,99.57252660398275
25,ideal,382.497649952999,99.57252660398275
25,ideal,387.4977499549991,99.57252660398275
25,ideal,392.4978499569991,99.57252660398275
25,ideal,397.49794995899913,99.57252660398275
25,ideal,402.4980499609992,99.57252660398275
25,ideal,407.49814996299926,99.57252660398275
25,ideal,412.4982499649993,99.57252660398275
25,ideal,417.4983499669994,99.57252660398275
25,ideal,422.4984499689994,99.57252660398275
25,ideal,427.4985499709995,99.57252660398275
25,ideal,432.4986499729995,99.57252660398275
25,ideal,437.4987499749995,99.57252660398275
25,ideal,442.4988499769995,99.57252660398275
25,ideal,447.4989499789995,99.57252660398275
25,ideal,452.4990499809996,99.57252660398275
25,ideal,457.4991499829996,99.57252660398275
25,ideal,462.4992499849998,99.57252660398275
25,ideal,467.49934998699973,99.57252660398275
25,ideal,472.4994499889998,99.57252660398275
25,ideal,477.4995499909998,99.57252660398275
25,ideal,482.4996499929999,99.57252660398275
25,ideal,487.49974999499995,99.57252660398275
25,ideal,492.4998499969999,99.57252660398275
25,ideal,497.499949999,99.57252660398275
25,ideal,502.500050001,99.57252660398275
25,ideal,507.5001500030001,99.57252660398275
25,ideal,512.5002500050001,99.57252660398275
25,ideal,517.5003500070002,99.57252660398275
25,ideal,522.5004500090001,99.57252660398275
25,ideal,527.5005500110002,99.57252660398275
25,ideal,532.5006500130003,99.57252660398275
25,ideal,537.5007500150003,99.57252660398275
25,ideal,542.5008500170004,99.57252660398275
25,ideal,547.5009500190004,99.57252660398275
25,ideal,552.5010500210005,99.57252660398275
25,ideal,557.5011500230005,99.57252660398275
25,ideal,562.5012500250004,99.57252660398275
25,ideal,567.5013500270006,99.57252660398275
25,ideal,572.5014500290005,99.57252660398275
25,ideal,577.5015500310005,99.57252660398275
25,ideal,582.5016500330007,99.57252660398275
25,ideal,587.5017500350007,99.57252660398275
25,ideal,592.5018500370007,99.57252660398275
25,ideal,597.5019500390008,99.57252660398275
25,ideal,602.5020500410008,99.57252660398275
25,ideal,607.5021500430009,99.57252660398275
25,ideal,612.502250045001,99.57252660398275
25,ideal,617.502350047001,99.57252660398275
25,ideal,622.502450049001,99.57252660398275
25,ideal,627.502550051001,99.57252660398275
25,ideal,632.502650053001,99.57252660398275
25,ideal,637.5027500550011,99.57252660398275
25,ideal,642.5028500570012,99.57252660398275
25,ideal,647.5029500590013,99.57252660398275
25,ideal,652.5030500610012,99.57252660398275
25,ideal,657.5031500630013,99.57252660398275
25,ideal,662.5032500650013,99.57252660398275
25,ideal,667.5033500670012,99.57252660398275
25,ideal,672.5034500690015,99.57252660398275
25,ideal,677.5035500710014,99.57252660398275
25,ideal,682.5036500730015,99.57252660398275
25,ideal,687.5037500750014,99.57252660398275
25,ideal,692.5038500770015,99.57252660398275
25,ideal,697.5039500790016,99.57252660398275
25,ideal,702.5040500810018,99.57252660398275
25,ideal,707.5041500830017,99.57252660398275
25,ideal,712.5042500850017,99.57252660398275
25,ideal,717.5043500870016,99.57252660398275
25,ideal,722.5044500890018,99.57252660398275
25,ideal,727.5045500910019,99.57252660398275
25,ideal,732.5046500930019,99.57252660398275
25,ideal,737.5047500950019,99.57252660398275
25,ideal,742.504850097002,99.57252660398275
25,ideal,747.5049500990021,99.57252660398275
25,ideal,752.505050101002,99.57252660398275
25,ideal,757.505150103002,99.57252660398275
25,ideal,762.505250105002,99.57252660398275
25,ideal,767.5053501070022,99.57252660398275
25,ideal,772.5054501090023,99.57252660398275
25,ideal,777.5055501110022,99.57252660398275
25,ideal,782.5056501130022,99.57252660398275
25,ideal,787.5057501150023,99.57252660398275
25,ideal,792.5058501170024,99.57252660398275
25,ideal,797.5059501190025,99.57252660398275
25,ideal,802.5060501210024,99.57252660398275
25,ideal,807.5061501230024,99.57252660398275
25,ideal,812.5062501250023,99.57252660398275
25,ideal,817.5063501270026,99.57252660398275
25,ideal,822.5064501290026,99.57252660398275
25,ideal,827.5065501310027,99.57252660398275
25,ideal,832.5066501330026,99.57252660398275
25,ideal,837.5067501350027,99.57252660398275
25,ideal,842.5068501370029,99.57252660398275
25,ideal,847.5069501390027,99.57252660398275
25,ideal,852.5070501410029,99.57252660398275
25,ideal,857.507150143003,99.57252660398275
25,ideal,862.507250145003,99.57252660398275
25,ideal,867.507350147003,99.57252660398275
25,ideal,872.5074501490029,99.57252660398275
25,ideal,877.507550151003,99.57252660398275
25,ideal,882.5076501530032,99.57252660398275
25,ideal,887.5077501550031,99.57252660398275
25,ideal,892.5078501570032,99.57252660398275
25,ideal,897.5079501590031,99.57252660398275
25,ideal,902.5080501610032,99.57252660398275
25,ideal,907.5081501630032,99.57252660398275
25,ideal,912.5082501650033,99.57252660398275
25,ideal,917.5083501670034,99.57252660398275
25,ideal,922.5084501690034,99.57252660398275
25,ideal,927.5085501710034,99.57252660398275
25,ideal,932.5086501730034,99.57252660398275
25,ideal,937.5087501750035,99.57252660398275
25,ideal,942.5088501770036,99.57252660398275
25,ideal,947.5089501790037,99.57252660398275
25,ideal,952.5090501810037,99.57252660398275
25,ideal,957.5091501830036,99.57252660398275
25,ideal,962.5092501850037,99.57252660398275
25,ideal,967.5093501870036,99.57252660398275
25,ideal,972.5094501890037,99.57252660398275
25,ideal,977.5095501910039,99.57252660398275
25,ideal,982.509650193004,99.57252660398275
25,ideal,987.5097501950039,99.57252660398275
25,ideal,992.509850197004,99.57252660398275
25,ideal,997.509950199004,99.57252660398275
125,none,2.4900498009960206,2.044234508207724e-18
125,none,7.4901498029960605,0.0
125,none,12.490249804996099,0.0
125,none,17.49034980699614,0.0
125,none,22.490449808996182,0.0
125,none,27.490549810996225,0.0
125,none,32.49064981299626,0.0
125,none,37.490749814996306,0.0
125,none,42.49084981699634,0.0
125,none,47.490949818996384,0.0
125,none,52.49104982099642,0.0
125,none,57.49114982299646,0.0
125,none,62.49124982499651,0.0
125,none,67.49134982699654,0.0
125,none,72.49144982899658,0.0
125,none,77.49154983099662,0.0
125,none,82.49164983299666,0.0
125,none,87.4917498349967,0.0
125,none,92.49184983699675,0.0
125,none,97.49194983899679,0.0
125,none,102.49204984099683,0.0
125,none,107.49214984299685,0.0
125,none,112.4922498449969,0.0
125,none,117.49234984699694,0.0
125,none,122.49244984899698,0.0
125,none,127.49254985099704,0.0
125,none,132.49264985299706,0.0
125,none,137.4927498549971,0.0
125,none,142.49284985699714,0.0
125,none,147.4929498589972,0.0
125,none,152.49304986099722,0.0
125,none,157.49314986299726,0.0
125,none,162.4932498649973,0.0
125,none,167.49334986699733,0.0
125,none,172.49344986899737,0.0
125,none,177.49354987099744,0.0
125,none,182.49364987299745,0.0
125,none,187.4937498749975,0.0
125,none,192.49384987699756,0.0
125,none,197.49394987899757,0.0
125,none,202.49404988099764,0.0
125,none,207.49414988299768,0.0
125,none,212.49424988499766,0.0
125,none,217.49434988699772,0.0
125,none,222.49444988899776,0.0
125,none,227.49454989099783,0.0
125,none,232.49464989299787,0.0
125,none,237.49474989499794,0.0
125,none,242.49484989699795,0.0
125,none,247.494949898998,0.0
125,none,252.49504990099805,0.0
125,none,257.4951499029981,0.0
125,none,262.4952499049981,0.0
125,none,267.4953499069981,0.0
125,none,272.4954499089982,0.0
125,none,277.4955499109982,0.0
125,none,282.4956499129983,0.0
125,none,287.49574991499827,0.0
125,none,292.49584991699834,0.0
125,none,297.4959499189984,0.0
125,none,302.4960499209984,0.0
125,none,307.4961499229985,0.0
125,none,312.4962499249985,0.0
125,none,317.49634992699856,0.0
125,none,322.4964499289985,0.0
125,none,327.4965499309987,0.0
125,none,332.49664993299865,0.0
125,none,337.4967499349986,0.0
125,none,342.4968499369988,0.0
125,none,347.49694993899874,0.0
125,none,352.4970499409988,0.0
125,none,357.4971499429988,0.0
125,none,362.49724994499894,0.0
125,none,367.4973499469989,0.0
125,none,372.497449948999,0.0
125,none,377.49754995099903,0.0
125,none,382.497649952999,0.0
125,none,387.4977499549991,0.0
125,none,392.4978499569991,0.0
125,none,397.49794995899913,0.0
125,none,402.4980499609992,0.0
125,none,407.49814996299926,0.0
125,none,412.4982499649993,0.0
125,none,417.4983499669994,0.0
125,none,422.4984499689994,0.0
125,none,427.4985499709995,0.0
125,none,432.4986499729995,0.0
125,none,437.4987499749995,0.0
125,none,442.4988499769995,0.0
125,none,447.4989499789995,0.0
125,none,452.4990499809996,0.0
125,none,457.4991499829996,0.0
125,none,462.4992499849998,0.0
125,none,467.49934998699973,0.0
125,none,472.4994499889998,0.0
125,none,477.4995499909998,0.0
125,none,482.4996499929999,0.0
125,none,487.49974999499995,0.0
125,none,492.4998499969999,0.0
125,none,497.499949999,0.0
125,none,502.500050001,0.0
125,none,507.5001500030001,0.0
125,none,512.5002500050001,0.0
125,none,517.5003500070002,0.0
125,none,522.5004500090001,0.0
125,none,527.5005500110002,0.0
125,none,532.5006500130003,0.0
125,none,537.5007500150003,0.0
125,none,542.5008500170004,0.0
125,none,547.5009500190004,0.0
125,none,552.5010500210005,0.0
125,none,557.5011500230005,0.0
125,none,562.5012500250004,0.0
125,none,567.5013500270006,0.0
125,none,572.5014500290005,0.0
125,none,577.5015500310005,0.0
125,none,582.5016500330007,0.0
125,none,587.5017500350007,0.0
125,none,592.5018500370007,0.0
125,none,597.5019500390008,0.0
125,none,602.5020500410008,0.0
125,none,607.5021500430009,0.0
125,none,612.502250045001,0.0
125,none,617.502350047001,0.0
125,none,622.502450049001,0.0
125,none,627.502550051001,0.0
125,none,632.502650053001,0.0
125,none,637.5027500550011,0.0
125,none,642.5028500570012,0.0
125,none,647.5029500590013,0.0
125,none,652.5030500610012,0.0
125,none,657.5031500630013,0.0
125,none,662.5032500650013,0.0
125,none,667.5033500670012,0.0
125,none,672.5034500690015,0.0
125,none,677.5035500710014,0.0
125,none,682.5036500730015,0.0
125,none,687.5037500750014,0.0
125,none,692.5038500770015,0.0
125,none,697.5039500790016,0.0
125,none,702.5040500810018,0.0
125,none,707.5041500830017,0.0
125,none,712.5042500850017,0.0
125,none,717.5043500870016,0.0
125,none,722.5044500890018,0.0
125,none,727.5045500910019,0.0
125,none,732.5046500930019,0.0
125,none,737.5047500950019,0.0
125,none,742.504850097002,0.0
125,none,747.5049500990021,0.0
125,none,752.505050101002,0.0
125,none,757.505150103002,0.0
125,none,762.505250105002,0.0
125,none,767.5053501070022,0.0
125,none,772.5054501090023,0.0
125,none,777.5055501110022,0.0
125,none,782.5056501130022,0.0
125,none,787.5057501150023,0.0
125,none,792.5058501170024,0.0
125,none,797.5059501190025,0.0
125,none,802.5060501210024,0.0
125,none,807.5061501230024,0.0
125,none,812.5062501250023,0.0
125,none,817.5063501270026,0.0
125,none,822.5064501290026,0.0
125,none,827.5065501310027,0.0
125,none,832.5066501330026,0.0
125,none,837.5067501350027,0.0
125,none,842.5068501370029,0.0
125,none,847.5069501390027,0.0
125,none,852.5070501410029,0.0
125,none,857.507150143003,0.0
125,none,862.507250145003,0.0
125,none,867.507350147003,0.0
125,none,872.5074501490029,0.0
125,none,877.507550151003,0.0
125,none,882.5076501530032,0.0
125,none,887.5077501550031,0.0
125,none,892.5078501570032,0.0
125,none,897.5079501590031,0.0
125,none,902.5080501610032,0.0
125,none,907.5081501630032,0.0
125,none,912.5082501650033,0.0
125,none,917.5083501670034,0.0
125,none,922.5084501690034,0.0
125,none,927.5085501710034,0.0
125,none,932.5086501730034,0.0
125,none,937.5087501750035,0.0
125,none,942.5088501770036,0.0
125,none,947.5089501790037,0.0
125,none,952.5090501810037,0.0
125,none,957.5091501830036,0.0
125,none,962.5092501850037,0.0
125,none,967.5093501870036,0.0
125,none,972.5094501890037,0.0
125,none,977.5095501910039,0.0
125,none,982.509650193004,0.0
125,none,987.5097501950039,0.0
125,none,992.509850197004,0.0
125,none,997.509950199004,0.0
125,classical,2.4900498009960206,99.51699948189868
125,classical,7.4901498029960605,99.51699948189868
125,classical,12.490249804996099,99.51699948189868
125,classical,17.49034980699614,99.51699948189868
125,classical,22.490449808996182,99.51699948189868
125,classical,27.490549810996225,99.51699948189868
125,classical,32.49064981299626,99.51699948189868
125,classical,37.490749814996306,99.51699948189868
125,classical,42.49084981699634,99.51699948189868
125,classical,47.490949818996384,99.51699948189868
125,classical,52.49104982099642,99.51699948189868
125,classical,57.49114982299646,99.51699948189868
125,classical,62.49124982499651,99.51699948189868
125,classical,67.49134982699654,99.51699948189868
125,classical,72.49144982899658,99.51699948189868
125,classical,77.49154983099662,99.51699948189868
125,classical,82.49164983299666,99.51699948189868
125,classical,87.4917498349967,99.51699948189868
125,classical,92.49184983699675,99.51699948189868
125,classical,97.49194983899679,99.51699948189868
125,classical,102.49204984099683,99.51699948189868
125,classical,107.49214984299685,99.51699948189868
125,classical,112.4922498449969,99.51699948189868
125,classical,117.49234984699694,99.51699948189868
125,classical,122.49244984899698,99.51699948189868
125,classical,127.49254985099704,99.51699948189868
125,classical,132.49264985299706,99.51699948189868
125,classical,137.4927498549971,99.51699948189868
125,classical,142.49284985699714,99.51699948189868
125,classical,147.4929498589972,99.51699948189868
125,classical,152.49304986099722,99.51699948189868
125,classical,157.49314986299726,99.51699948189868
125,classical,162.4932498649973,99.51699948189868
125,classical,167.49334986699733,99.51699948189868
125,classical,172.49344986899737,99.51699948189868
125,classical,177.49354987099744,99.51699948189868
125,classical,182.49364987299745,99.51699948189868
125,classical,187.4937498749975,99.51699948189868
125,classical,192.49384987699756,99.51699948189868
125,classical,197.49394987899757,99.51699948189868
125,classical,202.49404988099764,99.51699948189868
125,classical,207.49414988299768,99.51699948189868
125,classical,212.49424988499766,99.51699948189868
125,classical,217.49434988699772,99.51699948189868
125,classical,222.49444988899776,99.51699948189868
125,classical,227.49454989099783,99.51699948189868
125,classical,232.49464989299787,99.51699948189868
125,classical,237.49474989499794,99.51699948189868
125,classical,242.49484989699795,99.51699948189868
125,classical,247.494949898998,99.51699948189868
125,classical,252.49504990099805,99.51699948189868
125,classical,257.4951499029981,99.51699948189868
125,classical,262.4952499049981,99.51699948189868
125,classical,267.4953499069981,99.51699948189868
125,classical,272.4954499089982,99.51699948189868
125,classical,277.4955499109982,99.51699948189868
125,classical,282.4956499129983,99.51699948189868
125,classical,287.49574991499827,99.51699948189868
125,classical,292.49584991699834,99.51699948189868
125,classical,297.4959499189984,99.51699948189868
125,classical,302.4960499209984,99.51699948189868
125,classical,307.4961499229985,99.51699948189868
125,classical,312.4962499249985,99.51699948189868
125,classical,317.49634992699856,99.51699948189868
125,classical,322.4964499289985,99.51699948189868
125,classical,327.4965499309987,99.51699948189868
125,classical,332.49664993299865,99.51699948189868
125,classical,337.4967499349986,99.51699948189868
125,classical,342.4968499369988,99.51699948189868
125,classical,347.49694993899874,99.51699948189868
125,classical,352.4970499409988,99.51699948189868
125,classical,357.4971499429988,99.51699948189868
125,classical,362.49724994499894,99.51699948189868
125,classical,367.4973499469989,99.51699948189868
125,classical,372.497449948999,99.51699948189868
125,classical,377.49754995099903,99.51699948189868
125,classical,382.497649952999,99.51699948189868
125,classical,387.4977499549991,99.51699948189868
125,classical,392.4978499569991,99.51699948189868
125,classical,397.49794995899913,99.51699948189868
125,classical,402.4980499609992,99.51699948189868
125,classical,407.49814996299926,99.51699948189868
125,classical,412.4982499649993,99.51699948189868
125,classical,417.4983499669994,99.51699948189868
125,classical,422.4984499689994,99.51699948189868
125,classical,427.4985499709995,99.51699948189868
125,classical,432.4986499729995,99.51699948189868
125,classical,437.4987499749995,99.51699948189868
125,classical,442.4988499769995,99.51699948189868
125,classical,447.4989499789995,99.51699948189868
125,classical,452.4990499809996,99.51699948189868
125,classical,457.4991499829996,99.51699948189868
125,classical,462.4992499849998,99.51699948189868
125,classical,467.49934998699973,99.51699948189868
125,classical,472.4994499889998,99.51699948189868
125,classical,477.4995499909998,99.51699948189868
125,classical,482.4996499929999,99.51699948189868
125,classical,487.49974999499995,99.51699948189868
125,classical,492.4998499969999,99.51699948189868
125,classical,497.499949999,99.51699948189868
125,classical,502.500050001,99.51699948189868
125,classical,507.5001500030001,99.51699948189868
125,classical,512.5002500050001,99.51699948189868
125,classical,517.5003500070002,99.51699948189868
125,classical,522.5004500090001,99.51699948189868
125,classical,527.5005500110002,99.51699948189868
125,classical,532.5006500130003,99.51699948189868
125,classical,537.5007500150003,99.51699948189868
125,classical,542.5008500170004,99.51699948189868
125,classical,547.5009500190004,99.51699948189868
125,classical,552.5010500210005,99.51699948189868
125,classical,557.5011500230005,99.51699948189868
125,classical,562.5012500250004,99.51699948189868
125,classical,567.5013500270006,99.51699948189868
125,classical,572.5014500290005,99.51699948189868
125,classical,577.5015500310005,99.51699948189868
125,classical,582.5016500330007,99.51699948189868
125,classical,587.5017500350007,99.51699948189868
125,classical,592.5018500370007,99.51699948189868
125,classical,597.5019500390008,99.51699948189868
125,classical,602.5020500410008,99.51699948189868
125,classical,607.5021500430009,99.51699948189868
125,classical,612.502250045001,99.51699948189868
125,classical,617.502350047001,99.51699948189868
125,classical,622.502450049001,99.51699948189868
125,classical,627.502550051001,99.51699948189868
125,classical,632.502650053001,99.51699948189868
125,classical,637.5027500550011,99.51699948189868
125,classical,642.5028500570012,99.51699948189868
125,classical,647.5029500590013,99.51699948189868
125,classical,652.5030500610012,99.51699948189868
125,classical,657.5031500630013,99.51699948189868
125,classical,662.5032500650013,99.51699948189868
125,classical,667.5033500670012,99.51699948189868
125,classical,672.5034500690015,99.51699948189868
125,classical,677.5035500710014,99.51699948189868
125,classical,682.5036500730015,99.51699948189868
125,classical,687.5037500750014,99.51699948189868
125,classical,692.5038500770015,99.51699948189868
125,classical,697.5039500790016,99.51699948189868
125,classical,702.5040500810018,99.51699948189868
125,classical,707.5041500830017,99.51699948189868
125,classical,712.5042500850017,99.51699948189868
125,classical,717.5043500870016,99.51699948189868
125,classical,722.5044500890018,99.51699948189868
125,classical,727.5045500910019,99.51699948189868
125,classical,732.5046500930019,99.51699948189868
125,classical,737.5047500950019,99.51699948189868
125,classical,742.504850097002,99.51699948189868
125,classical,747.5049500990021,99.51699948189868
125,classical,752.505050101002,99.51699948189868
125,classical,757.505150103002,99.51699948189868
125,classical,762.505250105002,99.51699948189868
125,classical,767.5053501070022,99.51699948189868
125,classical,772.5054501090023,99.51699948189868
125,classical,777.5055501110022,99.51699948189868
125,classical,782.5056501130022,99.51699948189868
125,classical,787.5057501150023,99.51699948189868
125,classical,792.5058501170024,99.51699948189868
125,classical,797.5059501190025,99.51699948189868
125,classical,802.5060501210024,99.51699948189868
125,classical,807.5061501230024,99.51699948189868
125,classical,812.5062501250023,99.51699948189868
125,classical,817.5063501270026,99.51699948189868
125,classical,822.5064501290026,99.51699948189868
125,classical,827.5065501310027,99.51699948189868
125,classical,832.5066501330026,99.51699948189868
125,classical,837.5067501350027,99.51699948189868
125,classical,842.5068501370029,99.51699948189868
125,classical,847.5069501390027,99.51699948189868
125,classical,852.5070501410029,99.51699948189868
125,classical,857.507150143003,99.51699948189868
125,classical,862.507250145003,99.51699948189868
125,classical,867.507350147003,99.51699948189868
125,classical,872.5074501490029,99.51699948189868
125,classical,877.507550151003,99.51699948189868
125,classical,882.5076501530032,99.51699948189868
125,classical,887.5077501550031,99.51699948189868
125,classical,892.5078501570032,99.51699948189868
125,classical,897.5079501590031,99.51699948189868
125,classical,902.5080501610032,99.51699948189868
125,classical,907.5081501630032,99.51699948189868
125,classical,912.5082501650033,99.51699948189868
125,classical,917.5083501670034,99.51699948189868
125,classical,922.5084501690034,99.51699948189868
125,classical,927.5085501710034,99.51699948189868
125,classical,932.5086501730034,99.51699948189868
125,classical,937.5087501750035,99.51699948189868
125,classical,942.5088501770036,99.51699948189868
125,classical,947.5089501790037,99.51699948189868
125,classical,952.5090501810037,99.51699948189868
125,classical,957.5091501830036,99.51699948189868
125,classical,962.5092501850037,99.51699948189868
125,classical,967.5093501870036,99.51699948189868
125,classical,972.5094501890037,99.51699948189868
125,classical,977.5095501910039,99.51699948189868
125,classical,982.509650193004,99.51699948189868
125,classical,987.5097501950039,99.51699948189868
125,classical,992.509850197004,99.51699948189868
125,classical,997.509950199004,99.51699948189868
125,qcs_preamble,4.17240020750415,98.54928764638267
125,qcs_preamble,9.164067290845814,96.44715447583707
125,qcs_preamble,14.155734374187485,6.302254097450033
125,qcs_preamble,19.147401457529153,0.0
125,qcs_preamble,24.13906854087082,0.0
125,qcs_preamble,29.13073562421248,0.0
125,qcs_preamble,34.122402707554144,0.0
125,qcs_preamble,39.11406979089581,0.0
125,qcs_preamble,44.10573687423748,0.0042486747328626335
125,qcs_preamble,49.097403957579154,69.89855488094841
125,qcs_preamble,54.089071040920814,75.58934718118978
125,qcs_preamble,59.08073812426248,15.56726656019403
125,qcs_preamble,64.07240520760415,1.5212100037684556e-07
125,qcs_preamble,69.06407229094582,2.543362135701333e-17
125,qcs_preamble,74.05573937428747,1.2667438792854423e-22
125,qcs_preamble,79.04740645762915,1.6854127940887801e-34
125,qcs_preamble,84.03907354097083,9.646956058968433e-52
125,qcs_preamble,89.03074062431247,1.767595815847909e-06
125,qcs_preamble,94.02240770765415,52.903950284990245
125,qcs_preamble,99.01407479099582,3.268032548322277
125,qcs_preamble,104.00574187433746,0.0
125,qcs_preamble,108.99740895767916,0.0
125,qcs_preamble,113.98907604102081,0.0
125,qcs_preamble,118.98074312436249,0.0
125,qcs_preamble,123.97241020770414,0.0
125,qcs_preamble,128.9640772910458,29.35296858785096
125,qcs_preamble,133.95574437438748,16.95505350564343
125,qcs_preamble,138.94741145772917,1.876979965631422
125,qcs_preamble,143.93907854107078,64.65284734518978
125,qcs_preamble,148.93074562441248,5.023580175483726
125,qcs_preamble,153.92241270775418,6.671196928209611e-12
125,qcs_preamble,158.91407979109582,0.0
125,qcs_preamble,163.90574687443748,0.0
125,qcs_preamble,168.89741395777915,0.0
125,qcs_preamble,173.8890810411208,0.0
125,qcs_preamble,178.88074812446246,0.0
125,qcs_preamble,183.87241520780415,0.0
125,qcs_preamble,188.8640822911458,0.0
125,qcs_preamble,193.85574937448746,0.0
125,qcs_preamble,198.84741645782918,0.0
125,qcs_preamble,203.8390835411708,0.0
125,qcs_preamble,208.8307506245125,0.0
125,qcs_preamble,213.82241770785413,0.0
125,qcs_preamble,218.8140847911958,0.0
125,qcs_preamble,223.80575187453746,0.0
125,qcs_preamble,228.79741895787916,23.727475239649507
125,qcs_preamble,233.78908604122083,7.614815087242059e-14
125,qcs_preamble,238.78075312456247,8.082226448495615e-215
125,qcs_preamble,243.7724202079041,0.0
125,qcs_preamble,248.7640872912458,0.0
125,qcs_preamble,253.75575437458747,0.0
125,qcs_preamble,258.74742145792914,0.0
125,qcs_preamble,263.7390885412708,0.0
125,qcs_preamble,268.73075562461247,0.0
125,qcs_preamble,273.7224227079542,0.0
125,qcs_preamble,278.71408979129575,0.0
125,qcs_preamble,283.7057568746374,0.0
125,qcs_preamble,288.69742395797914,0.0
125,qcs_preamble,293.6890910413208,0.0
125,qcs_preamble,298.6807581246625,0.0
125,qcs_preamble,303.6724252080042,0.0
125,qcs_preamble,308.6640922913458,0.0
125,qcs_preamble,313.6557593746874,0.0
125,qcs_preamble,318.64742645802914,0.0
125,qcs_preamble,323.6390935413708,0.0
125,qcs_preamble,328.6307606247125,0.0
125,qcs_preamble,333.6224277080542,0.0
125,qcs_preamble,338.61409479139576,0.0
125,qcs_preamble,343.60576187473754,0.0
125,qcs_preamble,348.5974289580791,0.0
125,qcs_preamble,353.58909604142076,0.0
125,qcs_preamble,358.5807631247625,0.0
125,qcs_preamble,363.57243020810415,0.0
125,qcs_preamble,368.5640972914458,0.0
125,qcs_preamble,373.55576437478743,0.0
125,qcs_preamble,378.54743145812915,0.0
125,qcs_preamble,383.5390985414708,0.0
125,qcs_preamble,388.53076562481243,0.0
125,qcs_preamble,393.5224327081541,0.0
125,qcs_preamble,398.5140997914958,0.0
125,qcs_preamble,403.50576687483743,0.0
125,qcs_preamble,408.49743395817904,0.0
125,qcs_preamble,413.4891010415208,0.0
125,qcs_preamble,418.48076812486244,0.0
125,qcs_preamble,423.4724352082041,0.0
125,qcs_preamble,428.46410229154577,0.0
125,qcs_preamble,433.45576937488744,0.0
125,qcs_preamble,438.4474364582291,0.0
125,qcs_preamble,443.4391035415708,0.0
125,qcs_preamble,448.4307706249125,0.0
125,qcs_preamble,453.42243770825417,0.0
125,qcs_preamble,458.41410479159583,0.0
125,qcs_preamble,463.40577187493744,0.0
125,qcs_preamble,468.39743895827917,0.0
125,qcs_preamble,473.3891060416208,0.0
125,qcs_preamble,478.38077312496245,0.0
125,qcs_preamble,483.37244020830417,0.0
125,qcs_preamble,488.36410729164584,0.0
125,qcs_preamble,493.35577437498745,0.0
125,qcs_preamble,498.34744145832906,0.0
125,qcs_preamble,503.3391085416708,0.0
125,qcs_preamble,508.33077562501245,0.0
125,qcs_preamble,513.3224427083541,0.0
125,qcs_preamble,518.3141097916957,0.0
125,qcs_preamble,523.3057768750375,0.0
125,qcs_preamble,528.2974439583791,0.0
125,qcs_preamble,533.2891110417207,0.0
125,qcs_preamble,538.2807781250624,0.0
125,qcs_preamble,543.2724452084041,0.0
125,qcs_preamble,548.2641122917457,0.0
125,qcs_preamble,553.2557793750874,0.0
125,qcs_preamble,558.2474464584291,0.0
125,qcs_preamble,563.2391135417707,0.0
125,qcs_preamble,568.2307806251124,0.0
125,qcs_preamble,573.2224477084542,0.0
125,qcs_preamble,578.2141147917956,0.0
125,qcs_preamble,583.2057818751374,0.0
125,qcs_preamble,588.1974489584791,0.0
125,qcs_preamble,593.1891160418207,0.0
125,qcs_preamble,598.1807831251624,0.0
125,qcs_preamble,603.1724502085042,0.0
125,qcs_preamble,608.1641172918456,0.0
125,qcs_preamble,613.1557843751875,0.0
125,qcs_preamble,618.147451458529,0.0
125,qcs_preamble,623.1391185418707,0.0
125,qcs_preamble,628.1307856252124,0.0
125,qcs_preamble,633.1224527085542,0.0
125,qcs_preamble,638.1141197918957,0.0
125,qcs_preamble,643.1057868752373,0.0
125,qcs_preamble,648.0974539585791,0.0
125,qcs_preamble,653.0891210419207,0.0
125,qcs_preamble,658.0807881252625,0.0
125,qcs_preamble,663.0724552086041,0.0
125,qcs_preamble,668.0641222919459,0.0
125,qcs_preamble,673.0557893752875,0.0
125,qcs_preamble,678.047456458629,0.0
125,qcs_preamble,683.0391235419708,0.0
125,qcs_preamble,688.0307906253124,0.0
125,qcs_preamble,693.0224577086541,0.0
125,qcs_preamble,698.0141247919959,0.0
125,qcs_preamble,703.0057918753373,0.0
125,qcs_preamble,707.9974589586791,0.0
125,qcs_preamble,712.9891260420208,0.0
125,qcs_preamble,717.9807931253623,0.0
125,qcs_preamble,722.9724602087041,0.0
125,qcs_preamble,727.964127292046,0.0
125,qcs_preamble,732.9557943753874,0.0
125,qcs_preamble,737.947461458729,0.0
125,qcs_preamble,742.9391285420706,0.0
125,qcs_preamble,747.9307956254124,0.0
125,qcs_preamble,752.9224627087542,0.0
125,qcs_preamble,757.9141297920957,0.0
125,qcs_preamble,762.9057968754375,0.0
125,qcs_preamble,767.8974639587791,0.0
125,qcs_preamble,772.8891310421208,0.0
125,qcs_preamble,777.8807981254624,0.0
125,qcs_preamble,782.872465208804,0.0
125,qcs_preamble,787.8641322921458,0.0
125,qcs_preamble,792.8557993754874,0.0
125,qcs_preamble,797.847466458829,0.0
125,qcs_preamble,802.8391335421707,0.0
125,qcs_preamble,807.8308006255124,0.0
125,qcs_preamble,812.822467708854,0.0
125,qcs_preamble,817.8141347921958,0.0
125,qcs_preamble,822.8058018755376,0.0
125,qcs_preamble,827.7974689588791,0.0
125,qcs_preamble,832.7891360422207,0.0
125,qcs_preamble,837.7808031255624,0.0
125,qcs_preamble,842.7724702089041,0.0
125,qcs_preamble,847.7641372922459,0.0
125,qcs_preamble,852.7558043755873,0.0
125,qcs_preamble,857.7474714589291,0.0
125,qcs_preamble,862.7391385422708,0.0
125,qcs_preamble,867.7308056256123,0.0
125,qcs_preamble,872.7224727089541,0.0
125,qcs_preamble,877.7141397922958,0.0
125,qcs_preamble,882.7058068756374,0.0
125,qcs_preamble,887.6974739589792,0.0
125,qcs_preamble,892.6891410423209,0.0
125,qcs_preamble,897.6808081256625,0.0
125,qcs_preamble,902.6724752090041,0.0
125,qcs_preamble,907.6641422923459,0.0
125,qcs_preamble,912.6558093756875,0.0
125,qcs_preamble,917.6474764590291,0.0
125,qcs_preamble,922.6391435423707,0.0
125,qcs_preamble,927.6308106257123,0.0
125,qcs_preamble,932.6224777090542,0.0
125,qcs_preamble,937.6141447923957,0.0
125,qcs_preamble,942.6058118757375,0.0
125,qcs_preamble,947.5974789590791,0.0
125,qcs_preamble,952.5891460424208,0.0
125,qcs_preamble,957.5808131257625,0.0
125,qcs_preamble,962.5724802091044,0.0
125,qcs_preamble,967.5641472924458,0.0
125,qcs_preamble,972.5558143757873,0.0
125,qcs_preamble,977.5474814591291,0.0
125,qcs_preamble,982.5391485424707,0.0
125,qcs_preamble,987.5308156258125,0.0
125,qcs_preamble,992.522482709154,0.0
125,qcs_preamble,997.5141497924958,0.0
125,qcs_tracking,4.17240020750415,97.75239520302723
125,qcs_tracking,9.164067290845814,94.04962723724393
125,qcs_tracking,14.155734374187485,98.35520245237839
125,qcs_tracking,19.147401457529153,99.08045652583274
125,qcs_tracking,24.13906854087082,97.44318540329577
125,qcs_tracking,29.13073562421248,97.0445210204397
125,qcs_tracking,34.122402707554144,89.75273200137147
125,qcs_tracking,39.11406979089581,98.5760718676862
125,qcs_tracking,44.10573687423748,97.5000605951625
125,qcs_tracking,49.097403957579154,94.3565199907728
125,qcs_tracking,54.089071040920814,81.1510612795138
125,qcs_tracking,59.08073812426248,98.74279864969837
125,qcs_tracking,64.07240520760415,97.60520544579502
125,qcs_tracking,69.06407229094582,93.42327805251406
125,qcs_tracking,74.05573937428747,97.5072355032078
125,qcs_tracking,79.04740645762915,98.34321640510876
125,qcs_tracking,84.03907354097083,84.41710690742664
125,qcs_tracking,89.03074062431247,99.0659189216322
125,qcs_tracking,94.02240770765415,98.59797755801621
125,qcs_tracking,99.01407479099582,95.80257100758786
125,qcs_tracking,104.00574187433746,97.59631721646947
125,qcs_tracking,108.99740895767916,95.98316341334836
125,qcs_tracking,113.98907604102081,96.35080691304069
125,qcs_tracking,118.98074312436249,95.09793709702468
125,qcs_tracking,123.97241020770414,98.9150594266595
125,qcs_tracking,128.9640772910458,98.13443415294353
125,qcs_tracking,133.95574437438748,96.5365785477408
125,qcs_tracking,138.94741145772917,96.8125327817011
125,qcs_tracking,143.93907854107078,98.76553167979938
125,qcs_tracking,148.93074562441248,98.45569117578198
125,qcs_tracking,153.92241270775418,94.7906741576295
125,qcs_tracking,158.91407979109582,96.92344973469251
125,qcs_tracking,163.90574687443748,98.72623776789142
125,qcs_tracking,168.89741395777915,98.47507770804769
125,qcs_tracking,173.8890810411208,87.90132436590942
125,qcs_tracking,178.88074812446246,95.95293089842598
125,qcs_tracking,183.87241520780415,96.70565778184533
125,qcs_tracking,188.8640822911458,96.53859579799928
125,qcs_tracking,193.85574937448746,99.02971565795053
125,qcs_tracking,198.84741645782918,99.22164099476288
125,qcs_tracking,203.8390835411708,83.08931935977458
125,qcs_tracking,208.8307506245125,97.14292692023575
125,qcs_tracking,213.82241770785413,96.16134051183721
125,qcs_tracking,218.8140847911958,84.6659282614199
125,qcs_tracking,223.80575187453746,99.13037036869639
125,qcs_tracking,228.79741895787916,98.4997745996111
125,qcs_tracking,233.78908604122083,98.87198004459805
125,qcs_tracking,238.78075312456247,98.71016368504623
125,qcs_tracking,243.7724202079041,95.18030147744662
125,qcs_tracking,248.7640872912458,96.62069325688802
125,qcs_tracking,253.75575437458747,98.96997650479494
125,qcs_tracking,258.74742145792914,97.34044247753029
125,qcs_tracking,263.7390885412708,93.6735708915497
125,qcs_tracking,268.73075562461247,99.32645035825271
125,qcs_tracking,273.7224227079542,95.035555233304
125,qcs_tracking,278.71408979129575,98.26219198315592
125,qcs_tracking,283.7057568746374,89.0603023354848
125,qcs_tracking,288.69742395797914,94.07925064676948
125,qcs_tracking,293.6890910413208,78.3397990069806
125,qcs_tracking,298.6807581246625,95.76769281207945
125,qcs_tracking,303.6724252080042,98.7723153080386
125,qcs_tracking,308.6640922913458,98.1822931756765
125,qcs_tracking,313.6557593746874,84.21728276671027
125,qcs_tracking,318.64742645802914,96.55299881345358
125,qcs_tracking,323.6390935413708,98.2182295925797
125,qcs_tracking,328.6307606247125,73.13270110063806
125,qcs_tracking,333.6224277080542,98.13949027465597
125,qcs_tracking,338.61409479139576,88.32950742820015
125,qcs_tracking,343.60576187473754,86.3912281307515
125,qcs_tracking,348.5974289580791,98.36466986555828
125,qcs_tracking,353.58909604142076,95.4958221335965
125,qcs_tracking,358.5807631247625,93.3368625890361
125,qcs_tracking,363.57243020810415,65.9450358383906
125,qcs_tracking,368.5640972914458,96.91313390872999
125,qcs_tracking,373.55576437478743,98.42615240066172
125,qcs_tracking,378.54743145812915,97.60465250569251
125,qcs_tracking,383.5390985414708,99.16829941026222
125,qcs_tracking,388.53076562481243,98.32975853620512
125,qcs_tracking,393.5224327081541,98.20369938992458
125,qcs_tracking,398.5140997914958,96.88326511152816
125,qcs_tracking,403.50576687483743,99.23598401675898
125,qcs_tracking,408.49743395817904,96.9310633746021
125,qcs_tracking,413.4891010415208,79.92306519490619
125,qcs_tracking,418.48076812486244,87.30667201882014
125,qcs_tracking,423.4724352082041,95.54313800648137
125,qcs_tracking,428.46410229154577,95.79197096107926
125,qcs_tracking,433.45576937488744,97.5535227887757
125,qcs_tracking,438.4474364582291,99.07629326605489
125,qcs_tracking,443.4391035415708,92.73024934177711
125,qcs_tracking,448.4307706249125,79.03156802670591
125,qcs_tracking,453.42243770825417,97.34179488888441
125,qcs_tracking,458.41410479159583,78.38293485514231
125,qcs_tracking,463.40577187493744,98.99156773437932
125,qcs_tracking,468.39743895827917,97.91296260855935
125,qcs_tracking,473.3891060416208,98.88249978940465
125,qcs_tracking,478.38077312496245,84.41096032861245
125,qcs_tracking,483.37244020830417,99.11343456974114
125,qcs_tracking,488.36410729164584,95.77927683904865
125,qcs_tracking,493.35577437498745,92.8619682164973
125,qcs_tracking,498.34744145832906,95.89945692721933
125,qcs_tracking,503.3391085416708,99.25054173859652
125,qcs_tracking,508.33077562501245,98.52396341897266
125,qcs_tracking,513.3224427083541,98.94406668478842
125,qcs_tracking,518.3141097916957,97.66225137058892
125,qcs_tracking,523.3057768750375,96.96672093799882
125,qcs_tracking,528.2974439583791,98.36670043105829
125,qcs_tracking,533.2891110417207,97.99884192025418
125,qcs_tracking,538.2807781250624,91.57948509670555
125,qcs_tracking,543.2724452084041,99.06691746393119
125,qcs_tracking,548.2641122917457,88.00918140232368
125,qcs_tracking,553.2557793750874,97.74353816012513
125,qcs_tracking,558.2474464584291,98.76337248188572
125,qcs_tracking,563.2391135417707,99.08781658067551
125,qcs_tracking,568.2307806251124,98.20001265052488
125,qcs_tracking,573.2224477084542,80.21259826471618
125,qcs_tracking,578.2141147917956,97.08756189383291
125,qcs_tracking,583.2057818751374,98.46921090424122
125,qcs_tracking,588.1974489584791,99.28450632609326
125,qcs_tracking,593.1891160418207,97.15051068463913
125,qcs_tracking,598.1807831251624,97.59051949297466
125,qcs_tracking,603.1724502085042,98.2721184381083
125,qcs_tracking,608.1641172918456,98.84956208867037
125,qcs_tracking,613.1557843751875,93.79707989722583
125,qcs_tracking,618.147451458529,93.32007221734604
125,qcs_tracking,623.1391185418707,91.53845229371555
125,qcs_tracking,628.1307856252124,90.30311652018517
125,qcs_tracking,633.1224527085542,95.08771932230002
125,qcs_tracking,638.1141197918957,97.5376736267203
125,qcs_tracking,643.1057868752373,96.43340258270749
125,qcs_tracking,648.0974539585791,97.74735196053825
125,qcs_tracking,653.0891210419207,93.62942554202772
125,qcs_tracking,658.0807881252625,93.24524889005066
125,qcs_tracking,663.0724552086041,94.44708470677377
125,qcs_tracking,668.0641222919459,97.97268512580293
125,qcs_tracking,673.0557893752875,98.20105163226857
125,qcs_tracking,678.047456458629,96.06798906748436
125,qcs_tracking,683.0391235419708,96.13661034472774
125,qcs_tracking,688.0307906253124,92.91526572241675
125,qcs_tracking,693.0224577086541,92.7423797992551
125,qcs_tracking,698.0141247919959,78.06489178983536
125,qcs_tracking,703.0057918753373,74.76637812440792
125,qcs_tracking,707.9974589586791,70.23686323522558
125,qcs_tracking,712.9891260420208,98.84561234021001
125,qcs_tracking,717.9807931253623,97.90035706743112
125,qcs_tracking,722.9724602087041,98.65082403450708
125,qcs_tracking,727.964127292046,84.79275024317349
125,qcs_tracking,732.9557943753874,97.9491312318739
125,qcs_tracking,737.947461458729,89.08842035972786
125,qcs_tracking,742.9391285420706,98.60254183955168
125,qcs_tracking,747.9307956254124,99.23375858411504
125,qcs_tracking,752.9224627087542,75.31818985942328
125,qcs_tracking,757.9141297920957,88.6661540159317
125,qcs_tracking,762.9057968754375,98.69853726998734
125,qcs_tracking,767.8974639587791,97.60390296705862
125,qcs_tracking,772.8891310421208,84.2776936767001
125,qcs_tracking,777.8807981254624,98.95290941335104
125,qcs_tracking,782.872465208804,85.0477169153033
125,qcs_tracking,787.8641322921458,96.82984763313117
125,qcs_tracking,792.8557993754874,87.54631181171723
125,qcs_tracking,797.847466458829,97.77669084785617
125,qcs_tracking,802.8391335421707,93.79211660176775
125,qcs_tracking,807.8308006255124,93.36540488192404
125,qcs_tracking,812.822467708854,94.05796543353733
125,qcs_tracking,817.8141347921958,81.89669091747942
125,qcs_tracking,822.8058018755376,97.52632770277752
125,qcs_tracking,827.7974689588791,98.1853026835353
125,qcs_tracking,832.7891360422207,99.11700123920663
125,qcs_tracking,837.7808031255624,99.2164958668618
125,qcs_tracking,842.7724702089041,97.0939396735507
125,qcs_tracking,847.7641372922459,99.40102025999818
125,qcs_tracking,852.7558043755873,90.71678947357123
125,qcs_tracking,857.7474714589291,98.70645940450669
125,qcs_tracking,862.7391385422708,90.55935293893363
125,qcs_tracking,867.7308056256123,98.84727895427106
125,qcs_tracking,872.7224727089541,97.8180423436426
125,qcs_tracking,877.7141397922958,98.5547096949213
125,qcs_tracking,882.7058068756374,98.9050328310348
125,qcs_tracking,887.6974739589792,97.35031969876779
125,qcs_tracking,892.6891410423209,26.37078419734812
125,qcs_tracking,897.6808081256625,1.2545954079290995e-25
125,qcs_tracking,902.6724752090041,8.081554395393611e-143
125,qcs_tracking,907.6641422923459,0.0
125,qcs_tracking,912.6558093756875,0.0
125,qcs_tracking,917.6474764590291,0.0
125,qcs_tracking,922.6391435423707,2.080899272568509e-276
125,qcs_tracking,927.6308106257123,6.426193135521267e-07
125,qcs_tracking,932.6224777090542,8.242914185623547
125,qcs_tracking,937.6141447923957,0.0
125,qcs_tracking,942.6058118757375,0.0
125,qcs_tracking,947.5974789590791,0.0
125,qcs_tracking,952.5891460424208,0.0
125,qcs_tracking,957.5808131257625,0.0
125,qcs_tracking,962.5724802091044,0.0
125,qcs_tracking,967.5641472924458,0.0
125,qcs_tracking,972.5558143757873,0.0
125,qcs_tracking,977.5474814591291,0.0
125,qcs_tracking,982.5391485424707,0.0
125,qcs_tracking,987.5308156258125,0.0
125,qcs_tracking,992.522482709154,0.0
125,qcs_tracking,997.5141497924958,0.0
125,ideal,2.4900498009960206,99.57252660398275
125,ideal,7.4901498029960605,99.57252660398275
125,ideal,12.490249804996099,99.57252660398275
125,ideal,17.49034980699614,99.57252660398275
125,ideal,22.490449808996182,99.57252660398275
125,ideal,27.490549810996225,99.57252660398275
125,ideal,32.49064981299626,99.57252660398275
125,ideal,37.490749814996306,99.57252660398275
125,ideal,42.49084981699634,99.57252660398275
125,ideal,47.490949818996384,99.57252660398275
125,ideal,52.49104982099642,99.57252660398275
125,ideal,57.49114982299646,99.57252660398275
125,ideal,62.49124982499651,99.57252660398275
125,ideal,67.49134982699654,99.57252660398275
125,ideal,72.49144982899658,99.57252660398275
125,ideal,77.49154983099662,99.57252660398275
125,ideal,82.49164983299666,99.57252660398275
125,ideal,87.4917498349967,99.57252660398275
125,ideal,92.49184983699675,99.57252660398275
125,ideal,97.49194983899679,99.57252660398275
125,ideal,102.49204984099683,99.57252660398275
125,ideal,107.49214984299685,99.57252660398275
125,ideal,112.4922498449969,99.57252660398275
125,ideal,117.49234984699694,99.57252660398275
125,ideal,122.49244984899698,99.57252660398275
125,ideal,127.49254985099704,99.57252660398275
125,ideal,132.49264985299706,99.57252660398275
125,ideal,137.4927498549971,99.57252660398275
125,ideal,142.49284985699714,99.57252660398275
125,ideal,147.4929498589972,99.57252660398275
125,ideal,152.49304986099722,99.57252660398275
125,ideal,157.49314986299726,99.57252660398275
125,ideal,162.4932498649973,99.57252660398275
125,ideal,167.49334986699733,99.57252660398275
125,ideal,172.49344986899737,99.57252660398275
125,ideal,177.49354987099744,99.57252660398275
125,ideal,182.49364987299745,99.57252660398275
125,ideal,187.4937498749975,99.57252660398275
125,ideal,192.49384987699756,99.57252660398275
125,ideal,197.49394987899757,99.57252660398275
125,ideal,202.49404988099764,99.57252660398275
125,ideal,207.49414988299768,99.57252660398275
125,ideal,212.49424988499766,99.57252660398275
125,ideal,217.49434988699772,99.57252660398275
125,ideal,222.49444988899776,99.57252660398275
125,ideal,227.49454989099783,99.57252660398275
125,ideal,232.49464989299787,99.57252660398275
125,ideal,237.49474989499794,99.57252660398275
125,ideal,242.49484989699795,99.57252660398275
125,ideal,247.494949898998,99.57252660398275
125,ideal,252.49504990099805,99.57252660398275
125,ideal,257.4951499029981,99.57252660398275
125,ideal,262.4952499049981,99.57252660398275
125,ideal,267.4953499069981,99.57252660398275
125,ideal,272.4954499089982,99.57252660398275
125,ideal,277.4955499109982,99.57252660398275
125,ideal,282.4956499129983,99.57252660398275
125,ideal,287.49574991499827,99.57252660398275
125,ideal,292.49584991699834,99.57252660398275
125,ideal,297.4959499189984,99.57252660398275
125,ideal,302.4960499209984,99.57252660398275
125,ideal,307.4961499229985,99.57252660398275
125,ideal,312.4962499249985,99.57252660398275
125,ideal,317.49634992699856,99.57252660398275
125,ideal,322.4964499289985,99.57252660398275
125,ideal,327.4965499309987,99.57252660398275
125,ideal,332.49664993299865,99.57252660398275
125,ideal,337.4967499349986,99.57252660398275
125,ideal,342.4968499369988,99.57252660398275
125,ideal,347.49694993899874,99.57252660398275
125,ideal,352.4970499409988,99.57252660398275
125,ideal,357.4971499429988,99.57252660398275
125,ideal,362.49724994499894,99.57252660398275
125,ideal,367.4973499469989,99.57252660398275
125,ideal,372.497449948999,99.57252660398275
125,ideal,377.49754995099903,99.57252660398275
125,ideal,382.497649952999,99.57252660398275
125,ideal,387.4977499549991,99.57252660398275
125,ideal,392.4978499569991,99.57252660398275
125,ideal,397.49794995899913,99.57252660398275
125,ideal,402.4980499609992,99.57252660398275
125,ideal,407.49814996299926,99.57252660398275
125,ideal,412.4982499649993,99.57252660398275
125,ideal,417.4983499669994,99.57252660398275
125,ideal,422.4984499689994,99.57252660398275
125,ideal,427.4985499709995,99.57252660398275
125,ideal,432.4986499729995,99.57252660398275
125,ideal,437.4987499749995,99.57252660398275
125,ideal,442.4988499769995,99.57252660398275
125,ideal,447.4989499789995,99.57252660398275
125,ideal,452.4990499809996,99.57252660398275
125,ideal,457.4991499829996,99.57252660398275
125,ideal,462.4992499849998,99.57252660398275
125,ideal,467.49934998699973,99.57252660398275
125,ideal,472.4994499889998,99.57252660398275
125,ideal,477.4995499909998,99.57252660398275
125,ideal,482.4996499929999,99.57252660398275
125,ideal,487.49974999499995,99.57252660398275
125,ideal,492.4998499969999,99.57252660398275
125,ideal,497.499949999,99.57252660398275
125,ideal,502.500050001,99.57252660398275
125,ideal,507.5001500030001,99.57252660398275
125,ideal,512.5002500050001,99.57252660398275
125,ideal,517.5003500070002,99.57252660398275
125,ideal,522.5004500090001,99.57252660398275
125,ideal,527.5005500110002,99.57252660398275
125,ideal,532.5006500130003,99.57252660398275
125,ideal,537.5007500150003,99.57252660398275
125,ideal,542.5008500170004,99.57252660398275
125,ideal,547.5009500190004,99.57252660398275
125,ideal,552.5010500210005,99.57252660398275
125,ideal,557.5011500230005,99.57252660398275
125,ideal,562.5012500250004,99.57252660398275
125,ideal,567.5013500270006,99.57252660398275
125,ideal,572.5014500290005,99.57252660398275
125,ideal,577.5015500310005,99.57252660398275
125,ideal,582.5016500330007,99.57252660398275
125,ideal,587.5017500350007,99.57252660398275
125,ideal,592.5018500370007,99.57252660398275
125,ideal,597.5019500390008,99.57252660398275
125,ideal,602.5020500410008,99.57252660398275
125,ideal,607.5021500430009,99.57252660398275
125,ideal,612.502250045001,99.57252660398275
125,ideal,617.502350047001,99.57252660398275
125,ideal,622.502450049001,99.57252660398275
125,ideal,627.502550051001,99.57252660398275
125,ideal,632.502650053001,99.57252660398275
125,ideal,637.5027500550011,99.57252660398275
125,ideal,642.5028500570012,99.57252660398275
125,ideal,647.5029500590013,99.57252660398275
125,ideal,652.5030500610012,99.57252660398275
125,ideal,657.5031500630013,99.57252660398275
125,ideal,662.5032500650013,99.57252660398275
125,ideal,667.5033500670012,99.57252660398275
125,ideal,672.5034500690015,99.57252660398275
125,ideal,677.5035500710014,99.57252660398275
125,ideal,682.5036500730015,99.57252660398275
125,ideal,687.5037500750014,99.57252660398275
125,ideal,692.5038500770015,99.57252660398275
125,ideal,697.5039500790016,99.57252660398275
125,ideal,702.5040500810018,99.57252660398275
125,ideal,707.5041500830017,99.57252660398275
125,ideal,712.5042500850017,99.57252660398275
125,ideal,717.5043500870016,99.57252660398275
125,ideal,722.5044500890018,99.57252660398275
125,ideal,727.5045500910019,99.57252660398275
125,ideal,732.5046500930019,99.57252660398275
125,ideal,737.5047500950019,99.57252660398275
125,ideal,742.504850097002,99.57252660398275
125,ideal,747.5049500990021,99.57252660398275
125,ideal,752.505050101002,99.57252660398275
125,ideal,757.505150103002,99.57252660398275
125,ideal,762.505250105002,99.57252660398275
125,ideal,767.5053501070022,99.57252660398275
125,ideal,772.5054501090023,99.57252660398275
125,ideal,777.5055501110022,99.57252660398275
125,ideal,782.5056501130022,99.57252660398275
125,ideal,787.5057501150023,99.57252660398275
125,ideal,792.5058501170024,99.57252660398275
125,ideal,797.5059501190025,99.57252660398275
125,ideal,802.5060501210024,99.57252660398275
125,ideal,807.5061501230024,99.57252660398275
125,ideal,812.5062501250023,99.57252660398275
125,ideal,817.5063501270026,99.57252660398275
125,ideal,822.5064501290026,99.57252660398275
125,ideal,827.5065501310027,99.57252660398275
125,ideal,832.5066501330026,99.57252660398275
125,ideal,837.5067501350027,99.57252660398275
125,ideal,842.5068501370029,99.57252660398275
125,ideal,847.5069501390027,99.57252660398275
125,ideal,852.5070501410029,99.57252660398275
125,ideal,857.507150143003,99.57252660398275
125,ideal,862.507250145003,99.57252660398275
125,ideal,867.507350147003,99.57252660398275
125,ideal,872.5074501490029,99.57252660398275
125,ideal,877.507550151003,99.57252660398275
125,ideal,882.5076501530032,99.57252660398275
125,ideal,887.5077501550031,99.57252660398275
125,ideal,892.5078501570032,99.57252660398275
125,ideal,897.5079501590031,99.57252660398275
125,ideal,902.5080501610032,99.57252660398275
125,ideal,907.5081501630032,99.57252660398275
125,ideal,912.5082501650033,99.57252660398275
125,ideal,917.5083501670034,99.57252660398275
125,ideal,922.5084501690034,99.57252660398275
125,ideal,927.5085501710034,99.57252660398275
125,ideal,932.5086501730034,99.57252660398275
125,ideal,937.5087501750035,99.57252660398275
125,ideal,942.5088501770036,99.57252660398275
125,ideal,947.5089501790037,99.57252660398275
125,ideal,952.5090501810037,99.57252660398275
125,ideal,957.5091501830036,99.57252660398275
125,ideal,962.5092501850037,99.57252660398275
125,ideal,967.5093501870036,99.57252660398275
125,ideal,972.5094501890037,99.57252660398275
125,ideal,977.5095501910039,99.57252660398275
125,ideal,982.509650193004,99.57252660398275
125,ideal,987.5097501950039,99.57252660398275
125,ideal,992.509850197004,99.57252660398275
125,ideal,997.509950199004,99.57252660398275
