eve_rate,qber,Parameter estimation (test bits),Error-correction leakage,"Privacy amplification, asymptotic","Privacy amplification, finite-size",Discarded (abort),Final secret key
0.0,0.020142231949546025,0.10000100507821112,0.14849671422431163,0.12801440881406176,0.07733720531518744,0.0,0.5461506665682281
0.01,0.022508227430999398,0.10000079127239381,0.16213399906547377,0.13977068884954633,0.07550110275568041,0.0,0.5225934180569057
0.02,0.024896810012510828,0.1000007163604867,0.17551214514118021,0.15130357339756914,0.07378283476867255,0.0,0.49940073033209137
0.03,0.0272989648327548,0.10000103231703238,0.188608764180378,0.16259376222446378,0.07219647744582623,0.0,0.47659996383229963
0.04,0.029662212175425258,0.10000082880409718,0.20117342598560814,0.17342536722897256,0.07071010222381903,0.0,0.4546902757575031
0.05,0.03199015937834541,0.10000080736362679,0.21326422835794015,0.18384847272236224,0.06934062136918799,0.0,0.43354587018688284
0.06,0.034492768431890294,0.10000075365365681,0.22596844401501082,0.19480038277156106,0.06794463820995152,0.0,0.41128578134981975
0.07,0.03700196100959711,0.10000104280277577,0.23842139289511682,0.20553568353027316,0.06664831834100975,0.0,0.3893935624308245
0.08,0.0392622328361993,0.10000041704267341,0.24941072101704145,0.21500924225607024,0.0655200875326851,0.0,0.37005953215152976
0.09,0.04166486432644018,0.10000034223983996,0.26086850272741413,0.2248866402822536,0.06438669909180263,0.0,0.34985781565868973
0.1,0.04409590210843963,0.10000028869060952,0.2722400451313602,0.2346896940787588,0.06328003505070046,0.0,0.329789937048571
0.11,0.04649013397279612,0.10000020313510163,0.28323287556775334,0.2441662720411667,0.06224212464079891,0.0,0.3103585246151795
0.12,0.04880650727955161,0.1000009835987054,0.29368240161356846,0.253174484149628,0.06128047073751644,0.0,0.29186165990058166
0.13,0.05136266120516669,0.1000003048333249,0.30501231000388124,0.2629416465550701,0.06027438885023261,0.0,0.2717713497574912
0.14,0.05368441827283599,0.10000002139015013,0.3151278154113284,0.27166190983735206,0.059382108996896055,0.0,0.2538281443642734
0.15,0.0560119174555561,0.10000051873036411,0.3251076093396174,0.28026518046518745,0.058521701268284015,0.0,0.23610499019654707
0.16,0.05848409572916922,0.10000006950835723,0.335539194051719,0.28925792590665433,0.05763372356377043,0.0,0.217569086969499
0.17,0.060900663693623666,0.10000060966850825,0.3455740917533652,0.29790869978738377,0.0568052809528445,0.0,0.19971131783789836
0.18,0.06319683690592724,0.10000085545760566,0.354966526689156,0.30600562645616897,0.05603051108390092,0.0,0.1829964803131685
0.19,0.06572441092169493,0.10000017113243896,0.3651509310849446,0.3147852854180557,0.055217926774589074,0.0,0.16484568558997162
0.2,0.06809880350994828,0.1000005987227533,0.3745748060617586,0.3229093155704815,0.054461084616464664,0.0,0.14805419502854195
0.21,0.07051331684023868,0.10000021927996056,0.38402104078178106,0.33105262136360436,0.05373640309295798,0.0,0.13118971548169603
0.22,0.07280559193943834,0.10000062570582424,0.39286465960949385,0.33867643069783954,0.053053582267929125,0.0,0.11540470171891326
0.23,0.07522607006305373,0.10000059903657803,0.4020758721587809,0.34661713117136284,0.052356471189721684,0.0,0.0989499264435565
0.24,0.07765806276676863,0.10000018713810498,0.41120331432560575,0.354485615797936,0.05166354339856108,0.0,0.08264733933979225
0.25,0.08014972272823198,0.10000031555626605,0.4204254677504291,0.3624357480607148,0.0509872341556538,0.0,0.06615123447693619
0.26,0.0824597682310933,0.10000089271238255,0.4288618106134601,0.3697084574253967,0.050355854957392095,0.0,0.05107298429136853
0.27,0.08492498519250793,0.10000059876756527,0.43774815238381504,0.3773690968825992,0.04971410041529479,0.0,0.03516805155072568
0.28,0.0872849802795734,0.10000020844734467,0.4461448544133345,0.38460763311494356,0.049105699866510845,0.0,0.020141604157866345
0.29,0.08974624939782647,0.10000105924258164,0.45478910734757494,0.3920595752996336,0.04851253248474575,0.0,0.004637725625464068
0.3,0.09195357010592178,0.0,0.0,0.0,0.0,1.0,0.0
0.31,0.0945004670286732,0.0,0.0,0.0,0.0,1.0,0.0
0.32,0.09689115421267885,0.0,0.0,0.0,0.0,1.0,0.0
0.33,0.09936017122658691,0.0,0.0,0.0,0.0,1.0,0.0
0.34,0.10163850812301356,0.0,0.0,0.0,0.0,1.0,0.0
0.35,0.10404394289023852,0.0,0.0,0.0,0.0,1.0,0.0
0.36,0.10654975079046494,0.0,0.0,0.0,0.0,1.0,0.0
0.37,0.10891305084104248,0.0,0.0,0.0,0.0,1.0,0.0
0.38,0.11126997914458618,0.0,0.0,0.0,0.0,1.0,0.0
0.39,0.11366363599499316,0.0,0.0,0.0,0.0,1.0,0.0
0.4,0.11598273797230112,0.0,0.0,0.0,0.0,1.0,0.0
0.41,0.11839447718706035,0.0,0.0,0.0,0.0,1.0,0.0
0.42,0.12090116733949889,0.0,0.0,0.0,0.0,1.0,0.0
0.43,0.12333947398108444,0.0,0.0,0.0,0.0,1.0,0.0
0.44,0.12580584578779264,0.0,0.0,0.0,0.0,1.0,0.0
0.45,0.12816257175353413,0.0,0.0,0.0,0.0,1.0,0.0
