mismatch_ns,shift_ns,eve_information_bits,relative_click_rate,monitor_detections,detection_probability,eve_information_bits_mismatch_0.4
0.2,0.0,0.0,1.0,,,
0.2,0.025,5.199867045835305e-07,0.9998802339353973,,,
0.2,0.05,2.132717492830949e-06,0.9995183502035649,,,
0.2,0.07500000000000001,4.999973849617589e-06,0.998906602750612,,,
0.2,0.1,9.402964105786893e-06,0.9980321176504411,,,
0.2,0.125,1.5759700515038944e-05,0.9968769506763068,,,
0.2,0.15000000000000002,2.4649334031678904e-05,0.9954181743922188,,,
0.2,0.17500000000000002,3.684338703124901e-05,0.993628000884043,,,
0.2,0.2,5.334371888920941e-05,0.9914739474777439,,,
0.2,0.225,7.542689955197801e-05,0.9889190536461594,,,
0.2,0.25,0.00010469445231120478,0.9859221577224315,,,
0.2,0.275,0.00014312816549477692,0.9824382419664159,,,
0.2,0.30000000000000004,0.00019314937658232445,0.9784188539335389,,,
0.2,0.325,0.00025768081998389647,0.9738126109544054,,,
0.2,0.35000000000000003,0.000340209324337426,0.9685657928482699,,,
0.2,0.375,0.0004448473722735713,0.962623025785988,,,
0.2,0.4,0.0005763913209200222,0.955928057532737,,,
0.2,0.42500000000000004,0.0007403739484204142,0.9484246212054043,,,
0.2,0.45,0.0009431089590968833,0.9400573812647892,,,
0.2,0.47500000000000003,0.0011917251593704936,0.9307729518408007,,,
0.2,0.5,0.0014941882117200933,0.9205209737906203,,,
0.2,0.525,0.0018593081794604505,0.9092552332612603,,,
0.2,0.55,0.002296731477170022,0.8969348011249605,,,
0.2,0.5750000000000001,0.002816916319147378,0.8835251696382411,,,
0.2,0.6000000000000001,0.0034310912849555564,0.8689993602000449,,,
0.2,0.625,0.004151197167694964,0.8533389742978534,,,
0.2,0.65,0.004989812807481453,0.8365351587617059,,,
0.2,0.675,0.005960066112140838,0.8185894563983118,,,
0.2,0.7000000000000001,0.007075531905858634,0.7995145140227703,,,
0.2,0.7250000000000001,0.008350118606421209,0.7793346218782644,,,
0.2,0.75,0.009797946001062208,0.7580860614275503,,,
0.2,0.775,0.011433216564527893,0.7358172424634024,,,
0.2,0.8,0.013270082841549291,0.7125886153237981,,,
0.2,0.8250000000000001,0.015322513405403582,0.6884723495748828,,,
0.2,0.8500000000000001,0.01760415981460306,0.6635517766662292,,,
0.2,0.875,0.02012822683365212,0.6379206005626549,,,
0.2,0.9,0.02290734797546823,0.6116818869855405,,,
0.2,0.925,0.02595346817700006,0.58494684841117,,,
0.2,0.9500000000000001,0.029277735149769724,0.5578334481279122,,,
0.2,0.9750000000000001,0.032890400666199415,0.5304648522101052,,,
0.2,1.0,0.03680073276159046,0.5029677630053325,,,
0.2,1.0250000000000001,0.041016939559457066,0.4754706714640701,,,
0.2,1.05,0.045546105171466955,0.44810206821561016,,,
0.2,1.075,0.05039413788746072,0.4209886546068556,,,
0.2,1.1,0.05556573065907733,0.3942535949171856,,,
0.2,1.125,0.06106433369408526,0.36801484964286224,,,
0.2,1.1500000000000001,0.06689213881803013,0.342383627161829,,,
0.2,1.175,0.07305007512475359,0.3174629873486673,,,
0.2,1.2000000000000002,0.07953781532650206,0.29334662596020317,,,
0.2,1.225,0.08635379212607475,0.27011786304367824,,,
0.2,1.25,0.09349522386579046,0.24784885244980934,,,
0.2,1.2750000000000001,0.10095814865895858,0.22660002299991444,,,
0.2,1.3,0.10873746617690516,0.20641975520502856,,,
0.2,1.3250000000000002,0.11682698624648458,0.18734429090796662,,,
0.2,1.35,0.12521948340745603,0.16939786704524215,,,
0.2,1.375,0.13390675658447015,0.1525930591098703,,,
0.2,1.4000000000000001,0.14287969304304327,0.1369313150122067,,,
0.2,1.425,0.15212833582145968,0.12240365602018828,,,
0.2,1.4500000000000002,0.16164195385972524,0.10899151840697009,,,
0.2,1.475,0.17140911408138126,0.09666770739362007,,,
0.2,1.5,0.18141775472322053,0.08539743395447112,,,
0.4,0.0,0.0,1.0,,,
0.4,0.025,3.006072150757433e-06,0.9998172642202432,,,
0.4,0.05,1.228119315621612e-05,0.9992666616340287,,,
0.4,0.07500000000000001,2.860964728845783e-05,0.9983410420168962,,,
0.4,0.1,5.334371888920941e-05,0.9970286066041707,,,
0.4,0.125,8.847106603437904e-05,0.9953130850874586,,,
0.4,0.15000000000000002,0.00013670828222078768,0.9931739824820978,,,
0.4,0.17500000000000002,0.00020161971172016901,0.9905868947305273,,,
0.4,0.2,0.0002877600877823072,0.9875238913063515,,,
0.4,0.225,0.0004008389237795118,0.9839539623108904,,,
0.4,0.25,0.000547903804281713,0.9798435266049634,,,
0.4,0.275,0.0007375388096242386,0.9751569964074347,,,
0.4,0.30000000000000004,0.0009800732925117073,0.9698573925497728,,,
0.4,0.325,0.0012877951513887709,0.9639070032495357,,,
0.4,0.35000000000000003,0.0016751616675996228,0.957268077915629,,,
0.4,0.375,0.0021589999559123996,0.9499035461945688,,,
0.4,0.4,0.0027586881906795924,0.941777751285265,,,
0.4,0.42500000000000004,0.0034963080844570005,0.9328571855657893,,,
0.4,0.45,0.004396758681695756,0.9231112158599183,,,
0.4,0.47500000000000003,0.005487821450100405,0.9125127852843797,,,
0.4,0.5,0.006800166959084031,0.9010390786052366,,,
0.4,0.525,0.008367294167238581,0.8886721384203441,,,
0.4,0.55,0.010225394520855913,0.8753994202795706,,,
0.4,0.5750000000000001,0.012413134695795414,0.8612142760378801,,,
0.4,0.6000000000000001,0.014971353876713112,0.8461163562685098,,,
0.4,0.625,0.017942673919631558,0.8301119243838708,,,
0.4,0.65,0.02137102352202136,0.8132140771430756,,,
0.4,0.675,0.025301080542659227,0.7954428683775295,,,
0.4,0.7000000000000001,0.02977763976460246,0.7768253349438856,,,
0.4,0.7250000000000001,0.03484491655412203,0.7573954260209217,,,
0.4,0.75,0.04054579989848617,0.7371938388141496,,,
0.4,0.775,0.046921071060747166,0.7162677654424608,,,
0.4,0.8,0.05400860642439809,0.6946705571958721,,,
0.4,0.8250000000000001,0.06184258487709626,0.6724613134352254,,,
0.4,0.8500000000000001,0.07045272117949164,0.6497044031401791,,,
0.4,0.875,0.07986354708717658,0.626468927511897,,,
0.4,0.9,0.09009376147948511,0.6028281321351328,,,
0.4,0.925,0.10115566937762077,0.578858777053771,,,
0.4,0.9500000000000001,0.11305472753087176,0.5546404727816076,,,
0.4,0.9750000000000001,0.12578921128459664,0.530254989831706,,,
0.4,1.0,0.139350013833061,0.5057855488800945,,,
0.4,1.0250000000000001,0.15372058485922935,0.48131609825457466,,,
0.4,1.05,0.1688770111578829,0.45693058511706286,,,
0.4,1.075,0.1847882373327927,0.43271222653130764,,,
0.4,1.1,0.20141642026390816,0.4087427865994028,,,
0.4,1.125,0.2187174069596245,0.3851018660098569,,,
0.4,1.1500000000000001,0.23664132182426,0.3618662106440063,,,
0.4,1.175,0.25513324643157764,0.33910904629240596,,,
0.4,1.2000000000000002,0.2741339727103602,0.31689944697770794,,,
0.4,1.225,0.2935808090802269,0.29530174479307686,,,
0.4,1.25,0.3134084185400805,0.27437498946767386,,,
0.4,1.2750000000000001,0.33354966797728713,0.25417246598714877,,,
0.4,1.3,0.3539364689622262,0.23474127845964599,,,
0.4,1.3250000000000002,0.374500591917309,0.21612200797339423,,,
0.4,1.35,0.3951744376759849,0.1983484514068077,,,
0.4,1.375,0.4158917529368851,0.1814474470154566,,,
0.4,1.4000000000000001,0.4365882788291031,0.16543879114619328,,,
0.4,1.425,0.457202324600404,0.1503352486554174,,,
0.4,1.4500000000000002,0.4776752611972852,0.1361426575964586,,,
0.4,1.475,0.4979519321189618,0.1228601265693701,,,
0.4,1.5,0.5179809813123795,0.11048032088736656,,,
0.8,0.0,0.0,1.0,,,
0.8,0.025,3.391196113644579e-05,0.9995790383717635,,,
0.8,0.05,0.00013732202049188125,0.9983161996121056,,,
0.8,0.07500000000000001,0.00031529242749961384,0.9962116801078833,,,
0.8,0.1,0.0005763913209200222,0.9932659978681783,,,
0.8,0.125,0.0009328845838990629,0.9894802693069747,,,
0.8,0.15000000000000002,0.0014009949509041775,0.9848565785598694,,,
0.8,0.17500000000000002,0.002001218798070692,0.9793984219590528,,,
0.8,0.2,0.0027586881906795924,0.9731112064481584,,,
0.8,0.225,0.003703562795850379,0.9660027776723717,,,
0.8,0.25,0.004871433166483197,0.9580839513569454,,,
0.8,0.275,0.006303713647842546,0.9493690204872485,,,
0.8,0.30000000000000004,0.0080479997608911,0.9398762107905564,,,
0.8,0.325,0.010158361429767337,0.9296280581215162,,,
0.8,0.35000000000000003,0.012695539960257185,0.9186516835571813,,,
0.8,0.375,0.01572701343920979,0.9069789452596857,,,
0.8,0.4,0.019326892507903093,0.8946464503693685,,,
0.8,0.42500000000000004,0.02357560667163383,0.8816954152126553,,,
0.8,0.45,0.028559340960176427,0.8681713677746471,,,
0.8,0.47500000000000003,0.03436918446199788,0.8541236924918256,,,
0.8,0.5,0.04109995669223787,0.839605023736362,,,
0.8,0.525,0.04884868559253508,0.824670500644476,,,
0.8,0.55,0.05771272278158279,0.8093769019344768,,,
0.8,0.5750000000000001,0.06778749785397598,0.7937816848163424,,,
0.8,0.6000000000000001,0.07916393409402744,0.7779419567790262,,,
0.8,0.625,0.09192557247985333,0.7619134127439907,,,
0.8,0.65,0.10614547824458909,0.7457492726183041,,,
0.8,0.675,0.12188303280091362,0.7294992555358034,,,
0.8,0.7000000000000001,0.13918074111909529,0.7132086269582306,,,
0.8,0.7250000000000001,0.15806120773186794,0.6969173532926463,,,
0.8,0.75,0.17852445019120178,0.6806593957967585,,,
0.8,0.775,0.2005457238936461,0.6644621713769385,,,
0.8,0.8,0.2240740241740905,0.6483462025756627,,,
0.8,0.8250000000000001,0.249031408978879,0.6323249727857962,,,
0.8,0.8500000000000001,0.2753132483243298,0.6164049957497916,,,
0.8,0.875,0.3027894569649383,0.6005861009657744,,,
0.8,0.9,0.33130670786264127,0.5848619290140976,,,
0.8,0.925,0.36069156127550817,0.569220623331169,,,
0.8,0.9500000000000001,0.39075438357646775,0.5536456978833195,,,
0.8,0.9750000000000001,0.42129387737347146,0.5381170538085885,,,
0.8,1.0,0.45210200546921986,0.5226121126486205,,,
0.8,1.0250000000000001,0.4829690694742459,0.5071070295000191,,,
0.8,1.05,0.5136887012159124,0.4915779464427396,,,
0.8,1.075,0.5440625409692177,0.47600224506847516,,,
0.8,1.1,0.573904408411493,0.4603597568936726,,,
0.8,1.125,0.6030438159353864,0.4446338918996281,,,
0.8,1.1500000000000001,0.6313287245154069,0.42881264833669913,,,
0.8,1.175,0.6586274945334787,0.4128894711449472,,,
0.8,1.2000000000000002,0.684830033159563,0.3968639317115346,,,
0.8,1.225,0.7098481823822171,0.3807422079932021,,,
0.8,1.25,0.7336154251795106,0.3645373510313906,,,
0.8,1.2750000000000001,0.7560860105048234,0.3482693313038921,,,
0.8,1.3,0.7772336107925182,0.331964865902069,,,
0.8,1.3250000000000002,0.7970496295332434,0.31565703490667685,,,
0.8,1.35,0.815541272697526,0.29938470227846775,,,
0.8,1.375,0.8327294882672099,0.28319176282447966,,,
0.8,1.4000000000000001,0.8486468647742089,0.26712624212253444,,,
0.8,1.425,0.8633355642973193,0.2512392805023034,,,
0.8,1.4500000000000002,0.8768453493072051,0.23558403515802723,,,
0.8,1.475,0.8892317472200084,0.22021453612653313,,,
0.8,1.5,0.9005543823252293,0.20518453218207441,,,
,0.0,,,100,0.0010000000000000009,0.0
,0.024999999999999998,,,100,0.0012641765763525825,3.006072150757433e-06
,0.049999999999999996,,,100,0.0019352043830618282,1.228119315621612e-05
,0.075,,,100,0.0033661890779728143,2.860964728845783e-05
,0.09999999999999999,,,100,0.008094427430127338,5.334371888920941e-05
,0.12499999999999999,,,100,0.01747926016304968,8.847106603437904e-05
,0.15,,,100,0.04054623176100791,0.00013670828222078768
,0.175,,,100,0.09016398855959817,0.00020161971172016901
,0.19999999999999998,,,100,0.18724353995314746,0.0002877600877823072
,0.22499999999999998,,,100,0.3196159813248749,0.0004008389237795118
,0.24999999999999997,,,100,0.48991627880772304,0.000547903804281713
,0.27499999999999997,,,100,0.6605503687020072,0.0007375388096242386
,0.3,,,100,0.8209277412744566,0.0009800732925117073
,0.32499999999999996,,,100,0.9134624171012237,0.0012877951513887709
,0.35,,,100,0.9640557629816603,0.0016751616675996228
,0.37499999999999994,,,100,0.9875217685421942,0.0021589999559123996
,0.39999999999999997,,,100,0.9965526282520755,0.0027586881906795924
,0.425,,,100,0.9991744484678532,0.0034963080844570005
,0.44999999999999996,,,100,0.9998479919625121,0.004396758681695756
,0.475,,,100,0.9999713271734679,0.005487821450100405
,0.49999999999999994,,,100,0.9999961262689568,0.006800166959084031
,0.5249999999999999,,,100,0.9999994881912765,0.008367294167238581
,0.5499999999999999,,,100,0.9999999545391691,0.010225394520855913
,0.575,,,100,0.9999999951825456,0.012413134695795414
,0.6,,,100,0.9999999995967066,0.014971353876713112
,0.0,,,1000,0.0010000000000000009,0.0
,0.024999999999999998,,,1000,0.0018101952370890295,3.006072150757433e-06
,0.049999999999999996,,,1000,0.0052330502905239,1.228119315621612e-05
,0.075,,,1000,0.01728709461199518,2.860964728845783e-05
,0.09999999999999999,,,1000,0.09337206758175931,5.334371888920941e-05
,0.12499999999999999,,,1000,0.297578872169466,8.847106603437904e-05
,0.15,,,1000,0.6625062134745789,0.00013670828222078768
,0.175,,,1000,0.9322641189228682,0.00020161971172016901
,0.19999999999999998,,,1000,0.99645935349072,0.0002877600877823072
,0.22499999999999998,,,1000,0.999937721433635,0.0004008389237795118
,0.24999999999999997,,,1000,0.9999997626821028,0.000547903804281713
,0.27499999999999997,,,1000,0.9999999997789998,0.0007375388096242386
,0.3,,,1000,0.9999999999999881,0.0009800732925117073
,0.32499999999999996,,,1000,1.0,0.0012877951513887709
,0.35,,,1000,1.0,0.0016751616675996228
,0.37499999999999994,,,1000,1.0,0.0021589999559123996
,0.39999999999999997,,,1000,1.0,0.0027586881906795924
,0.425,,,1000,1.0,0.0034963080844570005
,0.44999999999999996,,,1000,1.0,0.004396758681695756
,0.475,,,1000,1.0,0.005487821450100405
,0.49999999999999994,,,1000,1.0,0.006800166959084031
,0.5249999999999999,,,1000,1.0,0.008367294167238581
,0.5499999999999999,,,1000,1.0,0.010225394520855913
,0.575,,,1000,1.0,0.012413134695795414
,0.6,,,1000,1.0,0.014971353876713112
,0.0,,,10000,0.0010000000000000009,0.0
,0.024999999999999998,,,10000,0.005230834276888308,3.006072150757433e-06
,0.049999999999999996,,,10000,0.06410042403156146,1.228119315621612e-05
,0.075,,,10000,0.41019418278383046,2.860964728845783e-05
,0.09999999999999999,,,10000,0.9825176708236572,5.334371888920941e-05
,0.12499999999999999,,,10000,0.999995844183223,8.847106603437904e-05
,0.15,,,10000,0.9999999999998086,0.00013670828222078768
,0.175,,,10000,1.0,0.00020161971172016901
,0.19999999999999998,,,10000,1.0,0.0002877600877823072
,0.22499999999999998,,,10000,1.0,0.0004008389237795118
,0.24999999999999997,,,10000,1.0,0.000547903804281713
,0.27499999999999997,,,10000,1.0,0.0007375388096242386
,0.3,,,10000,1.0,0.0009800732925117073
,0.32499999999999996,,,10000,1.0,0.0012877951513887709
,0.35,,,10000,1.0,0.0016751616675996228
,0.37499999999999994,,,10000,1.0,0.0021589999559123996
,0.39999999999999997,,,10000,1.0,0.0027586881906795924
,0.425,,,10000,1.0,0.0034963080844570005
,0.44999999999999996,,,10000,1.0,0.004396758681695756
,0.475,,,10000,1.0,0.005487821450100405
,0.49999999999999994,,,10000,1.0,0.006800166959084031
,0.5249999999999999,,,10000,1.0,0.008367294167238581
,0.5499999999999999,,,10000,1.0,0.010225394520855913
,0.575,,,10000,1.0,0.012413134695795414
,0.6,,,10000,1.0,0.014971353876713112
