experiment,parameter,value,trials,raw_qubits_mean,raw_qubits_std,timing_captured_bits_mean,timing_captured_bits_std,timing_capture_rate_mean,timing_capture_rate_std,detected_bits_mean,detected_bits_std,detection_rate_mean,detection_rate_std,sifted_bits_mean,sifted_bits_std,sifted_key_rate_mean,sifted_key_rate_std,qber_mean,qber_std,accepted_mean,accepted_std,corrected_errors_mean,corrected_errors_std,leaked_reconciliation_bits_mean,leaked_reconciliation_bits_std,estimated_eve_known_bits_mean,estimated_eve_known_bits_std,final_key_bits_mean,final_key_bits_std,secret_key_rate_mean,secret_key_rate_std
Without QCS,timing_jitter_ns,0.05,5,512,0.0,0,0.0,0.0,0.0,0.6,0.8944271909999159,0.001171875,0.0017469281074217107,0.2,0.4472135954999579,0.000390625,0.0008734640537108553,0.0,0.0,0.2,0.4472135954999579,0,0.0,0.0,0.0,0.0,0.0,0,0.0,0.0,0.0
Without QCS,timing_jitter_ns,0.1,5,512,0.0,0,0.0,0.0,0.0,0.8,1.3038404810405297,0.0015625,0.0025465634395322847,0,0.0,0.0,0.0,0.0,0.0,0,0.0,0,0.0,0.0,0.0,0.0,0.0,0,0.0,0.0,0.0
Without QCS,timing_jitter_ns,0.2,5,512,0.0,0,0.0,0.0,0.0,0,0.0,0.0,0.0,0,0.0,0.0,0.0,0.0,0.0,0,0.0,0,0.0,0.0,0.0,0.0,0.0,0,0.0,0.0,0.0
Without QCS,timing_jitter_ns,0.35,5,512,0.0,0,0.0,0.0,0.0,0.8,0.8366600265340756,0.0015625,0.0016341016143243663,0.4,0.8944271909999159,0.00078125,0.0017469281074217107,0.1,0.22360679774997896,0,0.0,0.2,0.4472135954999579,0.46399999999999997,1.0375355415599024,0.0,0.0,0,0.0,0.0,0.0
Without QCS,timing_jitter_ns,0.5,5,512,0.0,0,0.0,0.0,0.0,0.2,0.4472135954999579,0.000390625,0.0008734640537108553,0.2,0.4472135954999579,0.000390625,0.0008734640537108553,0.0,0.0,0.2,0.4472135954999579,0,0.0,0.0,0.0,0.0,0.0,0,0.0,0.0,0.0
Without QCS,timing_jitter_ns,0.75,5,512,0.0,0,0.0,0.0,0.0,0.6,0.5477225575051661,0.001171875,0.0010697706201272775,0.6,0.5477225575051661,0.001171875,0.0010697706201272775,0.4,0.5477225575051661,0.2,0.4472135954999579,0.4,0.5477225575051661,0.0,0.0,0.0,0.0,0,0.0,0.0,0.0
Without QCS,timing_jitter_ns,1.0,5,512,0.0,0.2,0.4472135954999579,0.000390625,0.0008734640537108553,0,0.0,0.0,0.0,0,0.0,0.0,0.0,0.0,0.0,0,0.0,0,0.0,0.0,0.0,0.0,0.0,0,0.0,0.0,0.0
Without QCS,timing_jitter_ns,1.5,5,512,0.0,9.8,1.7888543819998317,0.019140625,0.0034938562148434213,5.4,2.4083189157584592,0.010546875,0.004703747882340741,3.4,1.140175425099138,0.006640625,0.002226905127146754,0.05,0.11180339887498948,0.8,0.4472135954999579,0.2,0.4472135954999579,0.7528660994980753,1.6834597764328165,0.0,0.0,1.8,1.4832396974191326,0.003515625,0.0028969525340217434
With QCS,timing_jitter_ns,0.05,5,512,0.0,512,0.0,1.0,0.0,272.6,27.51908428709066,0.532421875,0.053748211498223945,139.2,19.162463307205574,0.271875,0.037426686146885886,0.010567705343006767,0.007196212933918001,1,0.0,1.4,0.8944271909999159,12.404566688790851,7.634890706459286,0.0,0.0,119.4,21.858636736997116,0.233203125,0.04269264987694749
With QCS,timing_jitter_ns,0.1,5,512,0.0,512,0.0,1.0,0.0,275.2,12.96919426949878,0.5375,0.025330457557614806,135.8,5.761944116355173,0.265234375,0.011253797102256198,0.010429864253393666,0.016158741035638934,1,0.0,1.4,2.1908902300206643,10.629012355273364,15.965088529260667,0.0,0.0,117.8,17.852170736355845,0.230078125,0.03486752096944501
With QCS,timing_jitter_ns,0.2,5,512,0.0,512,0.0,1.0,0.0,280.4,16.009372255026115,0.54765625,0.03126830518559788,139.4,8.080841540334768,0.272265625,0.015782893633466345,0.023001680082086043,0.013472634284885415,1,0.0,3.2,1.7888543819998317,24.80521551841174,11.037633623443053,0.0,0.0,107,12.649110640673518,0.208984375,0.024705294220065465
With QCS,timing_jitter_ns,0.35,5,512,0.0,509.6,2.073644135332772,0.9953125,0.00405008620182182,270.4,6.877499545619759,0.528125,0.013432616300038593,133.8,10.353743284435827,0.261328125,0.020222154852413726,0.011939481422079658,0.01173175951770667,1,0.0,1.6,1.51657508881031,13.449227502157699,11.101250716513315,0.0,0.0,113.2,13.479614237803691,0.22109375,0.026327371558210334
With QCS,timing_jitter_ns,0.5,5,512,0.0,485,7.483314773547883,0.947265625,0.014615849167085708,255.8,12.437845472588892,0.499609375,0.02429266693865018,127.4,10.96813566655701,0.248828125,0.02142213997374416,0.029396559760921464,0.011622021753806836,1,0.0,3.8,1.6431676725154984,28.178001937507617,10.211730270110756,0.0,0.0,92.2,8.28854631404084,0.180078125,0.016188567019611015
With QCS,timing_jitter_ns,0.75,5,512,0.0,404.4,22.311432047271193,0.78984375,0.04357701571732655,214.2,22.664950915455343,0.418359375,0.044267482256748716,109.2,9.093954035511725,0.21328125,0.01776162897560884,0.011148124698679708,0.00830559376294963,1,0.0,1.2,0.8366600265340756,10.465213654467806,6.779439637445801,0.0,0.0,92.8,11.476062042355819,0.18125,0.02241418367647621
With QCS,timing_jitter_ns,1.0,5,512,0.0,338.4,9.710818709048171,0.6609375,0.01896644279110971,186.8,6.906518659932803,0.36484375,0.013489294257681255,90.4,1.949358868961793,0.1765625,0.0038073415409410017,0.022057195553027376,0.007646233085596839,1,0.0,2,0.7071067811865476,15.897574011418373,4.572587470738227,0.0,0.0,69.6,3.847076812334269,0.1359375,0.007513821899090369
With QCS,timing_jitter_ns,1.5,5,512,0.0,260,16.32482771731451,0.5078125,0.0318844291353799,143,14.053469322555197,0.279296875,0.027448182270615618,77.2,8.228000972289685,0.15078125,0.01607031439900329,0.016370384859705933,0.012495746538953616,1,0.0,1.2,0.8366600265340756,9.693102932554151,6.231297958635612,0.0,0.0,63,12.569805089976535,0.123046875,0.02455040056636042
